TranscriptionId	Channels	Channel	StartTime	EndTime	SegmentDuration	Transcription	RecordingId	Domain	Duration	SampleRate	BitDepth	RelativeFileName	LeftChannelSpeakerId	LeftChannelNative	LeftChannelRole	LeftChannelSpeakerAge	LeftChannelSpeakerGender	LeftChannelSpeakerLivingCountry	LeftChannelSpeakerAccent	RightChannelSpeakerId	RightChannelNative	RightChannelRole	RightChannelSpeakerAge	RightChannelSpeakerGender	RightChannelSpeakerLivingCountry	RightChannelSpeakerAccent
328659	2	1	0:00:00.000	0:00:05.735	00:00:5.735	Maraming salamat sa pag tawag sa "Bangko ng Makati" ako po si "Teresita" ano pong pwedeng maitulong ko sa inyo	12a95507-8727-497f-a599-a65d12c3ba42	banking	00:03:12.192001342773438	8000	16	Audio/12a95507-8727-497f-a599-a65d12c3ba42.wav	E1EBF390-D319-46CE-96D2-1CEBC0F7396C	True	agent	33	Female	Philippines	National Capital Region (Metro Manila)	6106C194-2F98-4C04-B0DC-666E2B3D10B9	True	customer	28	Female	Philippines	Cavite
328660	2	2	0:00:05.571	0:00:11.595	00:00:6.024	"Teresita" [filler/] may tanong lang ako tungkol sa perang nalikom ko para sa kawang-gawa	12a95507-8727-497f-a599-a65d12c3ba42	banking	00:03:12.192001342773438	8000	16	Audio/12a95507-8727-497f-a599-a65d12c3ba42.wav	E1EBF390-D319-46CE-96D2-1CEBC0F7396C	True	agent	33	Female	Philippines	National Capital Region (Metro Manila)	6106C194-2F98-4C04-B0DC-666E2B3D10B9	True	customer	28	Female	Philippines	Cavite
328661	2	1	0:00:11.363	0:00:25.155	00:00:13.792	[filler/] Ganun ho ba sige ho [filler/] susubukan ko po kayong tulungan tungkol dyan [filler/] marami [filler/] maaari ko po bang ma-tanong muna kung may [eng_start/] account [eng_end/] na po ba kayo sa bangko	12a95507-8727-497f-a599-a65d12c3ba42	banking	00:03:12.192001342773438	8000	16	Audio/12a95507-8727-497f-a599-a65d12c3ba42.wav	E1EBF390-D319-46CE-96D2-1CEBC0F7396C	True	agent	33	Female	Philippines	National Capital Region (Metro Manila)	6106C194-2F98-4C04-B0DC-666E2B3D10B9	True	customer	28	Female	Philippines	Cavite
328662	2	2	0:00:22.216	0:00:25.378	00:00:3.162	Oo meron naman na akong [eng_start/] account [eng_end/] sa inyong bangko	12a95507-8727-497f-a599-a65d12c3ba42	banking	00:03:12.192001342773438	8000	16	Audio/12a95507-8727-497f-a599-a65d12c3ba42.wav	E1EBF390-D319-46CE-96D2-1CEBC0F7396C	True	agent	33	Female	Philippines	National Capital Region (Metro Manila)	6106C194-2F98-4C04-B0DC-666E2B3D10B9	True	customer	28	Female	Philippines	Cavite
328663	2	1	0:00:25.155	0:00:37.140	00:00:11.985	[filler/] Ganun ho ba pe- maaari ko po bang mahingi ang buo ninyong pangalan maraming salamat ho maaari ko rin po bang mahingi ang numero po ng [eng_start/] "National Insurance" [eng_end/]	12a95507-8727-497f-a599-a65d12c3ba42	banking	00:03:12.192001342773438	8000	16	Audio/12a95507-8727-497f-a599-a65d12c3ba42.wav	E1EBF390-D319-46CE-96D2-1CEBC0F7396C	True	agent	33	Female	Philippines	National Capital Region (Metro Manila)	6106C194-2F98-4C04-B0DC-666E2B3D10B9	True	customer	28	Female	Philippines	Cavite
328664	2	2	0:00:29.306	0:00:32.234	00:00:2.928	Ang pangalan ko ay "Doris Kelly"	12a95507-8727-497f-a599-a65d12c3ba42	banking	00:03:12.192001342773438	8000	16	Audio/12a95507-8727-497f-a599-a65d12c3ba42.wav	E1EBF390-D319-46CE-96D2-1CEBC0F7396C	True	agent	33	Female	Philippines	National Capital Region (Metro Manila)	6106C194-2F98-4C04-B0DC-666E2B3D10B9	True	customer	28	Female	Philippines	Cavite
328665	2	2	0:00:37.077	0:00:42.694	00:00:5.617	Ang numero ng aking [eng_start/] "National Insurance" [eng_end/] ay [eng_start/] one three two four five six nine eight [eng_end/]	12a95507-8727-497f-a599-a65d12c3ba42	banking	00:03:12.192001342773438	8000	16	Audio/12a95507-8727-497f-a599-a65d12c3ba42.wav	E1EBF390-D319-46CE-96D2-1CEBC0F7396C	True	agent	33	Female	Philippines	National Capital Region (Metro Manila)	6106C194-2F98-4C04-B0DC-666E2B3D10B9	True	customer	28	Female	Philippines	Cavite
328666	2	1	0:00:42.444	0:00:48.196	00:00:5.752	Maraming salamat ho [n_s/] Maaari niyo rin po bang pakiberipika sa akin ang petsa ng inyong kapanganakan	12a95507-8727-497f-a599-a65d12c3ba42	banking	00:03:12.192001342773438	8000	16	Audio/12a95507-8727-497f-a599-a65d12c3ba42.wav	E1EBF390-D319-46CE-96D2-1CEBC0F7396C	True	agent	33	Female	Philippines	National Capital Region (Metro Manila)	6106C194-2F98-4C04-B0DC-666E2B3D10B9	True	customer	28	Female	Philippines	Cavite
328667	2	2	0:00:48.015	0:00:53.807	00:00:5.792	Ang petsa ng aking kapanganakan ay [eng_start/] "January" twenty-seven nineteen eighty-six [eng_end/]	12a95507-8727-497f-a599-a65d12c3ba42	banking	00:03:12.192001342773438	8000	16	Audio/12a95507-8727-497f-a599-a65d12c3ba42.wav	E1EBF390-D319-46CE-96D2-1CEBC0F7396C	True	agent	33	Female	Philippines	National Capital Region (Metro Manila)	6106C194-2F98-4C04-B0DC-666E2B3D10B9	True	customer	28	Female	Philippines	Cavite
328668	2	1	0:00:53.849	0:01:07.385	00:00:13.536	Maraming salamat po sa pag-beberepika ng inyong [eng_start/] account [eng_end/] ngayon ho pwede ko po bang malaman kung ano po ba yung partikular na kailangan niyo pong detalye tungkol nga po dun sa organisasyong kawanggawa na gusto niyong [filler/] mang- [filler/] hiling	12a95507-8727-497f-a599-a65d12c3ba42	banking	00:03:12.192001342773438	8000	16	Audio/12a95507-8727-497f-a599-a65d12c3ba42.wav	E1EBF390-D319-46CE-96D2-1CEBC0F7396C	True	agent	33	Female	Philippines	National Capital Region (Metro Manila)	6106C194-2F98-4C04-B0DC-666E2B3D10B9	True	customer	28	Female	Philippines	Cavite
328669	2	2	0:01:07.317	0:01:18.921	00:00:11.604	[filler/] Masyado kasing maraming pera ang na-donate noong [eng_start/] charity run [eng_end/] itatanong ko lang sana kung maaari ko bang ilagay yun sa [eng_start/] bank account [eng_end/] nang walang anumang problema	12a95507-8727-497f-a599-a65d12c3ba42	banking	00:03:12.192001342773438	8000	16	Audio/12a95507-8727-497f-a599-a65d12c3ba42.wav	E1EBF390-D319-46CE-96D2-1CEBC0F7396C	True	agent	33	Female	Philippines	National Capital Region (Metro Manila)	6106C194-2F98-4C04-B0DC-666E2B3D10B9	True	customer	28	Female	Philippines	Cavite
328670	2	1	0:01:18.700	0:01:36.636	00:00:17.936	[filler/] Maitanong ko lang ho ba [filler/] bahagi po ba ito ng [eng_start/] foundation charity [eng_end/] [filler/] naging bahagi rin po ba ito ng [eng_start/] "Chamber of Commerce Foundation" [eng_end/] naku mabuti naman po [filler/] maitanong ko lang din ho magkano po ba yung perang nalikom niyo	12a95507-8727-497f-a599-a65d12c3ba42	banking	00:03:12.192001342773438	8000	16	Audio/12a95507-8727-497f-a599-a65d12c3ba42.wav	E1EBF390-D319-46CE-96D2-1CEBC0F7396C	True	agent	33	Female	Philippines	National Capital Region (Metro Manila)	6106C194-2F98-4C04-B0DC-666E2B3D10B9	True	customer	28	Female	Philippines	Cavite
328671	2	2	0:01:27.623	0:01:30.657	00:00:3.034	Oo naging bahagi din siya ng [eng_start/] "Chamber of Commerce" [eng_end/]	12a95507-8727-497f-a599-a65d12c3ba42	banking	00:03:12.192001342773438	8000	16	Audio/12a95507-8727-497f-a599-a65d12c3ba42.wav	E1EBF390-D319-46CE-96D2-1CEBC0F7396C	True	agent	33	Female	Philippines	National Capital Region (Metro Manila)	6106C194-2F98-4C04-B0DC-666E2B3D10B9	True	customer	28	Female	Philippines	Cavite
328672	2	2	0:01:36.492	0:01:41.484	00:00:4.992	Ang nalikom naming pera ay [eng_start/] one hundred fifty thousand pesos [eng_end/]	12a95507-8727-497f-a599-a65d12c3ba42	banking	00:03:12.192001342773438	8000	16	Audio/12a95507-8727-497f-a599-a65d12c3ba42.wav	E1EBF390-D319-46CE-96D2-1CEBC0F7396C	True	agent	33	Female	Philippines	National Capital Region (Metro Manila)	6106C194-2F98-4C04-B0DC-666E2B3D10B9	True	customer	28	Female	Philippines	Cavite
328673	2	1	0:01:41.397	0:02:07.084	00:00:25.687	[filler/] Medyo may kalakihan rin po pala ang nalikom niyong pera 'no mukhang maging naging maganda po ang takbo ng [eng_start/] charity run [eng_end/] na naisagawa niyo sige ho [eng_start/] hello [eng_end/] [filler/] gaya nga po ng sinabi ko kanina na napakaganda po pala ng nagawa niyong [eng_start/] charity run [eng_end/] sa [filler/] mga nakaraang [filler/] linggo [filler/] at [filler/] dahil medyo po ka- may kalakihan ang nalikom niyong pera	12a95507-8727-497f-a599-a65d12c3ba42	banking	00:03:12.192001342773438	8000	16	Audio/12a95507-8727-497f-a599-a65d12c3ba42.wav	E1EBF390-D319-46CE-96D2-1CEBC0F7396C	True	agent	33	Female	Philippines	National Capital Region (Metro Manila)	6106C194-2F98-4C04-B0DC-666E2B3D10B9	True	customer	28	Female	Philippines	Cavite
328674	2	2	0:02:07.154	0:02:11.265	00:00:4.111	[filler/] Oo yung [eng_start/] charity [eng_end/] kasi na yun para sa mga batang may [eng_start/] cancer [eng_end/]	12a95507-8727-497f-a599-a65d12c3ba42	banking	00:03:12.192001342773438	8000	16	Audio/12a95507-8727-497f-a599-a65d12c3ba42.wav	E1EBF390-D319-46CE-96D2-1CEBC0F7396C	True	agent	33	Female	Philippines	National Capital Region (Metro Manila)	6106C194-2F98-4C04-B0DC-666E2B3D10B9	True	customer	28	Female	Philippines	Cavite
328675	2	1	0:02:11.945	0:02:18.693	00:00:6.748	[filler/] Napakaganda rin po pala ng hangarin niyo dahil nakakatulong po pala kayo sa mga batang may kapansanan	12a95507-8727-497f-a599-a65d12c3ba42	banking	00:03:12.192001342773438	8000	16	Audio/12a95507-8727-497f-a599-a65d12c3ba42.wav	E1EBF390-D319-46CE-96D2-1CEBC0F7396C	True	agent	33	Female	Philippines	National Capital Region (Metro Manila)	6106C194-2F98-4C04-B0DC-666E2B3D10B9	True	customer	28	Female	Philippines	Cavite
328676	2	2	0:02:18.587	0:02:21.809	00:00:3.222	Itatanong ko lang kailangan ko bang magbayad ng buwis	12a95507-8727-497f-a599-a65d12c3ba42	banking	00:03:12.192001342773438	8000	16	Audio/12a95507-8727-497f-a599-a65d12c3ba42.wav	E1EBF390-D319-46CE-96D2-1CEBC0F7396C	True	agent	33	Female	Philippines	National Capital Region (Metro Manila)	6106C194-2F98-4C04-B0DC-666E2B3D10B9	True	customer	28	Female	Philippines	Cavite
328677	2	1	0:02:21.695	0:02:40.049	00:00:18.354	[filler/] Naku hindi na po dahil [filler/] isa nga po itong bahagi ng [eng_start/] foundation [eng_end/] kaya hindi niyo na po kailangan magbayad ng buwis Naku walang anuman ho [filler/] Bukod po ba dito meron pa po ba kayong kailangan [filler/] [filler/] maitanong o kailangan ng karagdagang tulong	12a95507-8727-497f-a599-a65d12c3ba42	banking	00:03:12.192001342773438	8000	16	Audio/12a95507-8727-497f-a599-a65d12c3ba42.wav	E1EBF390-D319-46CE-96D2-1CEBC0F7396C	True	agent	33	Female	Philippines	National Capital Region (Metro Manila)	6106C194-2F98-4C04-B0DC-666E2B3D10B9	True	customer	28	Female	Philippines	Cavite
328678	2	2	0:02:28.830	0:02:31.535	00:00:2.705	[filler/] Mabuti naman Salamat sa impormasyon	12a95507-8727-497f-a599-a65d12c3ba42	banking	00:03:12.192001342773438	8000	16	Audio/12a95507-8727-497f-a599-a65d12c3ba42.wav	E1EBF390-D319-46CE-96D2-1CEBC0F7396C	True	agent	33	Female	Philippines	National Capital Region (Metro Manila)	6106C194-2F98-4C04-B0DC-666E2B3D10B9	True	customer	28	Female	Philippines	Cavite
328679	2	2	0:02:39.896	0:02:44.031	00:00:4.135	[filler/] Kailangan ko lang ng tulong sa paghahanap ng pinakamalapit na [eng_start/] branch [eng_end/]	12a95507-8727-497f-a599-a65d12c3ba42	banking	00:03:12.192001342773438	8000	16	Audio/12a95507-8727-497f-a599-a65d12c3ba42.wav	E1EBF390-D319-46CE-96D2-1CEBC0F7396C	True	agent	33	Female	Philippines	National Capital Region (Metro Manila)	6106C194-2F98-4C04-B0DC-666E2B3D10B9	True	customer	28	Female	Philippines	Cavite
328680	2	1	0:02:43.945	0:03:12.192	00:00:28.247	[filler/] Sige ho maaari nyo po bang ibigay sa akin ang bayan o lungsod kung nasaan kayo naroroon ngayon maraming salamat ho batay po dito sa aming talaan ang pinakamalapit na [eng_start/] branch [eng_end/] po dyan sa "Mandaluyong [eng_start/] City" [eng_end/] ay dyan po sa dyan po pala sa "Maria Clara [eng_start/] Street [eng_end/] [filler/] Sampaloc Mandaluyong [eng_start/] City" [eng_end/] [filler/] gusto ko lang din pong ipaalam sa inyo na sa mga oras pong ngayon ay magsasara na po ang [eng_start/] branch [eng_end/]	12a95507-8727-497f-a599-a65d12c3ba42	banking	00:03:12.192001342773438	8000	16	Audio/12a95507-8727-497f-a599-a65d12c3ba42.wav	E1EBF390-D319-46CE-96D2-1CEBC0F7396C	True	agent	33	Female	Philippines	National Capital Region (Metro Manila)	6106C194-2F98-4C04-B0DC-666E2B3D10B9	True	customer	28	Female	Philippines	Cavite
328681	2	2	0:03:09.534	0:03:12.192	00:00:2.658	[filler/] Walang problema salamat paalam	12a95507-8727-497f-a599-a65d12c3ba42	banking	00:03:12.192001342773438	8000	16	Audio/12a95507-8727-497f-a599-a65d12c3ba42.wav	E1EBF390-D319-46CE-96D2-1CEBC0F7396C	True	agent	33	Female	Philippines	National Capital Region (Metro Manila)	6106C194-2F98-4C04-B0DC-666E2B3D10B9	True	customer	28	Female	Philippines	Cavite
339581	2	1	0:00:00.000	0:00:05.191	00:00:5.191	Magandang araw maraming salamat sa pagtawag sa "Bangko ng Bayan" Ano ang maitutulong ko sa'yo	12ab8793-cd70-49d0-a64b-6ccee12e8fd0	banking	00:03:17.539993286132812	8000	16	Audio/12ab8793-cd70-49d0-a64b-6ccee12e8fd0.wav	AAF38662-6FDA-48EB-A673-F5F7A50C48DB	True	agent	42	Female	Philippines	Cavite	16E2FDB6-9B2D-4CB8-A22C-80448BCFA5E9	True	customer	31	Female	Philippines	National Capital Region (Metro Manila)
339582	2	2	0:00:05.044	0:00:12.687	00:00:7.643	[filler/] Magandang umaga po [filler/] itatanong ko lang po sana tungkol sa pagpapadala ng mga pondo gamit po yung [eng_start/] mobile app [eng_end/] ng bangko	12ab8793-cd70-49d0-a64b-6ccee12e8fd0	banking	00:03:17.539993286132812	8000	16	Audio/12ab8793-cd70-49d0-a64b-6ccee12e8fd0.wav	AAF38662-6FDA-48EB-A673-F5F7A50C48DB	True	agent	42	Female	Philippines	Cavite	16E2FDB6-9B2D-4CB8-A22C-80448BCFA5E9	True	customer	31	Female	Philippines	National Capital Region (Metro Manila)
339583	2	1	0:00:12.483	0:00:19.754	00:00:7.271	[filler/] [eng_start/] Okay [eng_end/] [filler/] Huwag po kayo mag-alala matutulungan po namin kayo tungkol sa bagay na iyan Ano po ba ang gusto niyong malaman [eng_start/] ma'am [eng_end/]	12ab8793-cd70-49d0-a64b-6ccee12e8fd0	banking	00:03:17.539993286132812	8000	16	Audio/12ab8793-cd70-49d0-a64b-6ccee12e8fd0.wav	AAF38662-6FDA-48EB-A673-F5F7A50C48DB	True	agent	42	Female	Philippines	Cavite	16E2FDB6-9B2D-4CB8-A22C-80448BCFA5E9	True	customer	31	Female	Philippines	National Capital Region (Metro Manila)
339584	2	2	0:00:20.089	0:00:26.543	00:00:6.454	Opo kasi [filler/] hindi po kasi [eng_start/] available [eng_end/] yung [filler/] [eng_start/] function [eng_end/] na iyon dito sa [eng_start/] account [eng_end/] ko	12ab8793-cd70-49d0-a64b-6ccee12e8fd0	banking	00:03:17.539993286132812	8000	16	Audio/12ab8793-cd70-49d0-a64b-6ccee12e8fd0.wav	AAF38662-6FDA-48EB-A673-F5F7A50C48DB	True	agent	42	Female	Philippines	Cavite	16E2FDB6-9B2D-4CB8-A22C-80448BCFA5E9	True	customer	31	Female	Philippines	National Capital Region (Metro Manila)
339585	2	1	0:00:26.666	0:00:41.414	00:00:14.748	[filler/] [eng_start/] Okay [eng_end/] [filler/] titignan po natin yan sa [eng_start/] system [eng_end/] at habang ginagawa ko po iyon Maaari ko pa bang hingin ang inyong buong pangalan [n_s/] [eng_start/] okay [eng_end/] maraming salamat at [filler/] nais ko rin pong hingiin ang numero ng [eng_start/] "National Insurance" [eng_end/]	12ab8793-cd70-49d0-a64b-6ccee12e8fd0	banking	00:03:17.539993286132812	8000	16	Audio/12ab8793-cd70-49d0-a64b-6ccee12e8fd0.wav	AAF38662-6FDA-48EB-A673-F5F7A50C48DB	True	agent	42	Female	Philippines	Cavite	16E2FDB6-9B2D-4CB8-A22C-80448BCFA5E9	True	customer	31	Female	Philippines	National Capital Region (Metro Manila)
339586	2	2	0:00:41.360	0:00:44.621	00:00:3.261	[filler/] [eng_start/] Yes [eng_end/] po [eng_start/] five five two four four three [eng_end/]	12ab8793-cd70-49d0-a64b-6ccee12e8fd0	banking	00:03:17.539993286132812	8000	16	Audio/12ab8793-cd70-49d0-a64b-6ccee12e8fd0.wav	AAF38662-6FDA-48EB-A673-F5F7A50C48DB	True	agent	42	Female	Philippines	Cavite	16E2FDB6-9B2D-4CB8-A22C-80448BCFA5E9	True	customer	31	Female	Philippines	National Capital Region (Metro Manila)
339587	2	1	0:00:44.685	0:01:04.417	00:00:19.732	[eng_start/] Okay [eng_end/] at [filler/] ang petsa po ng inyong kapanganakan [eng_start/] ma'am Okay [eng_end/] Ngayon [eng_start/] ma'am [eng_end/] [filler/] ipinapakita po ng [eng_start/] system [eng_end/] na dapat ay [eng_start/] available [eng_end/] ang [eng_start/] function [eng_end/] sa inyong [eng_start/] account [eng_end/] Pwede ko po bang malaman kung saan niyo po sinusubukang hanapin ang [eng_start/] function [eng_end/] na ito [n_s/]	12ab8793-cd70-49d0-a64b-6ccee12e8fd0	banking	00:03:17.539993286132812	8000	16	Audio/12ab8793-cd70-49d0-a64b-6ccee12e8fd0.wav	AAF38662-6FDA-48EB-A673-F5F7A50C48DB	True	agent	42	Female	Philippines	Cavite	16E2FDB6-9B2D-4CB8-A22C-80448BCFA5E9	True	customer	31	Female	Philippines	National Capital Region (Metro Manila)
339588	2	2	0:00:49.006	0:00:51.429	00:00:2.423	[eng_start/] "February" seven nineteen ninety-one [eng_end/] po	12ab8793-cd70-49d0-a64b-6ccee12e8fd0	banking	00:03:17.539993286132812	8000	16	Audio/12ab8793-cd70-49d0-a64b-6ccee12e8fd0.wav	AAF38662-6FDA-48EB-A673-F5F7A50C48DB	True	agent	42	Female	Philippines	Cavite	16E2FDB6-9B2D-4CB8-A22C-80448BCFA5E9	True	customer	31	Female	Philippines	National Capital Region (Metro Manila)
339589	2	2	0:01:03.649	0:01:12.070	00:00:8.421	Opo [filler/] Nag-log in po kasi ako ngayon dito sa [eng_start/] account [eng_end/] ko sa [eng_start/] computer [eng_end/] [filler/] Nakatingin po ako sa [eng_start/] account [eng_end/] ko ngayon [eng_start/] online [eng_end/]	12ab8793-cd70-49d0-a64b-6ccee12e8fd0	banking	00:03:17.539993286132812	8000	16	Audio/12ab8793-cd70-49d0-a64b-6ccee12e8fd0.wav	AAF38662-6FDA-48EB-A673-F5F7A50C48DB	True	agent	42	Female	Philippines	Cavite	16E2FDB6-9B2D-4CB8-A22C-80448BCFA5E9	True	customer	31	Female	Philippines	National Capital Region (Metro Manila)
339590	2	1	0:01:12.005	0:01:21.586	00:00:9.581	[filler/] [eng_start/] Okay ma'am [eng_end/] [filler/] ganito po kasi yan [filler/] pong yan po ay isang [eng_start/] mobile app function [eng_end/] at [filler/] magagamit lamang nyo po ito sa inyo pong telepono	12ab8793-cd70-49d0-a64b-6ccee12e8fd0	banking	00:03:17.539993286132812	8000	16	Audio/12ab8793-cd70-49d0-a64b-6ccee12e8fd0.wav	AAF38662-6FDA-48EB-A673-F5F7A50C48DB	True	agent	42	Female	Philippines	Cavite	16E2FDB6-9B2D-4CB8-A22C-80448BCFA5E9	True	customer	31	Female	Philippines	National Capital Region (Metro Manila)
339591	2	2	0:01:21.710	0:01:26.013	00:00:4.303	[filler/] [eng_start/] Okay [eng_end/] [filler/] pa- paano po ba 'tong [eng_start/] app [eng_end/] na ito	12ab8793-cd70-49d0-a64b-6ccee12e8fd0	banking	00:03:17.539993286132812	8000	16	Audio/12ab8793-cd70-49d0-a64b-6ccee12e8fd0.wav	AAF38662-6FDA-48EB-A673-F5F7A50C48DB	True	agent	42	Female	Philippines	Cavite	16E2FDB6-9B2D-4CB8-A22C-80448BCFA5E9	True	customer	31	Female	Philippines	National Capital Region (Metro Manila)
339592	2	1	0:01:26.288	0:01:41.799	00:00:15.511	[eng_start/] Okay [eng_end/] [filler/] ang [eng_start/] app [eng_end/] po na yan ay inaalok [filler/] para po sa maka-access kayo sa [eng_start/] site [eng_end/] para po sa karagdagang benepisyo maging kumbinyente po sa inyo ngayon pwede niyo po itong i-download mula sa kahit anong [eng_start/] "App Store" [eng_end/]	12ab8793-cd70-49d0-a64b-6ccee12e8fd0	banking	00:03:17.539993286132812	8000	16	Audio/12ab8793-cd70-49d0-a64b-6ccee12e8fd0.wav	AAF38662-6FDA-48EB-A673-F5F7A50C48DB	True	agent	42	Female	Philippines	Cavite	16E2FDB6-9B2D-4CB8-A22C-80448BCFA5E9	True	customer	31	Female	Philippines	National Capital Region (Metro Manila)
339593	2	2	0:01:41.805	0:01:48.220	00:00:6.415	[filler/] Sige sige at [eng_start/] sir [eng_end/] Itatanong ko lang po kung [filler/] anong mga detalye po ba ng [eng_start/] account [eng_end/] ang kailanganin ko	12ab8793-cd70-49d0-a64b-6ccee12e8fd0	banking	00:03:17.539993286132812	8000	16	Audio/12ab8793-cd70-49d0-a64b-6ccee12e8fd0.wav	AAF38662-6FDA-48EB-A673-F5F7A50C48DB	True	agent	42	Female	Philippines	Cavite	16E2FDB6-9B2D-4CB8-A22C-80448BCFA5E9	True	customer	31	Female	Philippines	National Capital Region (Metro Manila)
339594	2	1	0:01:48.061	0:01:56.245	00:00:8.184	[eng_start/] Okay [eng_end/] ang detalye po na maaari niyong gamitin ay parehas na detalye lang po sa pag [eng_start/] log-in [eng_end/] ninyo gamit po yung inyong [eng_start/] computer [eng_end/] [n_s/]	12ab8793-cd70-49d0-a64b-6ccee12e8fd0	banking	00:03:17.539993286132812	8000	16	Audio/12ab8793-cd70-49d0-a64b-6ccee12e8fd0.wav	AAF38662-6FDA-48EB-A673-F5F7A50C48DB	True	agent	42	Female	Philippines	Cavite	16E2FDB6-9B2D-4CB8-A22C-80448BCFA5E9	True	customer	31	Female	Philippines	National Capital Region (Metro Manila)
339595	2	2	0:01:56.255	0:02:00.401	00:00:4.146	[filler/] [eng_start/] Okay [eng_end/] sige po at [filler/] [eng_start/] safe [eng_end/] po ba kayang gamitin tong [eng_start/] app [eng_end/] na ito	12ab8793-cd70-49d0-a64b-6ccee12e8fd0	banking	00:03:17.539993286132812	8000	16	Audio/12ab8793-cd70-49d0-a64b-6ccee12e8fd0.wav	AAF38662-6FDA-48EB-A673-F5F7A50C48DB	True	agent	42	Female	Philippines	Cavite	16E2FDB6-9B2D-4CB8-A22C-80448BCFA5E9	True	customer	31	Female	Philippines	National Capital Region (Metro Manila)
339596	2	1	0:02:00.324	0:02:11.161	00:00:10.837	[filler/] Opo [filler/] Napakaligtas po ito at [filler/] mapagkakatiwalaan niyo po ang [eng_start/] app [eng_end/] nito [filler/] Marami po itong karagdagang seguridad para po sa inyong [eng_start/] account [eng_end/]	12ab8793-cd70-49d0-a64b-6ccee12e8fd0	banking	00:03:17.539993286132812	8000	16	Audio/12ab8793-cd70-49d0-a64b-6ccee12e8fd0.wav	AAF38662-6FDA-48EB-A673-F5F7A50C48DB	True	agent	42	Female	Philippines	Cavite	16E2FDB6-9B2D-4CB8-A22C-80448BCFA5E9	True	customer	31	Female	Philippines	National Capital Region (Metro Manila)
339597	2	2	0:02:11.237	0:02:18.124	00:00:6.887	[filler/] [filler/] Sige sige po at [filler/] paano po pala kaya yung proseso ng pagpapadala ng mga [filler/] pagbabayad sa [eng_start/] app [eng_end/]	12ab8793-cd70-49d0-a64b-6ccee12e8fd0	banking	00:03:17.539993286132812	8000	16	Audio/12ab8793-cd70-49d0-a64b-6ccee12e8fd0.wav	AAF38662-6FDA-48EB-A673-F5F7A50C48DB	True	agent	42	Female	Philippines	Cavite	16E2FDB6-9B2D-4CB8-A22C-80448BCFA5E9	True	customer	31	Female	Philippines	National Capital Region (Metro Manila)
339598	2	1	0:02:18.339	0:02:29.410	00:00:11.071	[filler/] Napakadali lang po [filler/] kailangan niyo lang po na magkaroon ng [eng_start/] "WhatsApp" [eng_end/] at mula doon po sa [eng_start/] application [eng_end/] na iyon pwede nyo na pong padaanin ang pagbabayad	12ab8793-cd70-49d0-a64b-6ccee12e8fd0	banking	00:03:17.539993286132812	8000	16	Audio/12ab8793-cd70-49d0-a64b-6ccee12e8fd0.wav	AAF38662-6FDA-48EB-A673-F5F7A50C48DB	True	agent	42	Female	Philippines	Cavite	16E2FDB6-9B2D-4CB8-A22C-80448BCFA5E9	True	customer	31	Female	Philippines	National Capital Region (Metro Manila)
339599	2	2	0:02:29.371	0:02:33.028	00:00:3.657	[filler/] [filler/] Kaso hindi po kasi ako gumagamit ng "WhatsApp"	12ab8793-cd70-49d0-a64b-6ccee12e8fd0	banking	00:03:17.539993286132812	8000	16	Audio/12ab8793-cd70-49d0-a64b-6ccee12e8fd0.wav	AAF38662-6FDA-48EB-A673-F5F7A50C48DB	True	agent	42	Female	Philippines	Cavite	16E2FDB6-9B2D-4CB8-A22C-80448BCFA5E9	True	customer	31	Female	Philippines	National Capital Region (Metro Manila)
339600	2	1	0:02:32.936	0:02:40.987	00:00:8.051	[filler/] Naintindihan ko [filler/] Pwede na- ra- min- po tayong pumili sa iba't ibang [filler/] klase ng [eng_start/] media [eng_end/] Pwede rin po na gumamit tayo ng [eng_start/] email [eng_end/]	12ab8793-cd70-49d0-a64b-6ccee12e8fd0	banking	00:03:17.539993286132812	8000	16	Audio/12ab8793-cd70-49d0-a64b-6ccee12e8fd0.wav	AAF38662-6FDA-48EB-A673-F5F7A50C48DB	True	agent	42	Female	Philippines	Cavite	16E2FDB6-9B2D-4CB8-A22C-80448BCFA5E9	True	customer	31	Female	Philippines	National Capital Region (Metro Manila)
339601	2	2	0:02:41.105	0:02:46.983	00:00:5.878	[filler/] Sige sige po [filler/] naiintindihan ko na siya ngayon at [filler/] Sige ida-download ko po yung [eng_start/] app [eng_end/] na 'yon	12ab8793-cd70-49d0-a64b-6ccee12e8fd0	banking	00:03:17.539993286132812	8000	16	Audio/12ab8793-cd70-49d0-a64b-6ccee12e8fd0.wav	AAF38662-6FDA-48EB-A673-F5F7A50C48DB	True	agent	42	Female	Philippines	Cavite	16E2FDB6-9B2D-4CB8-A22C-80448BCFA5E9	True	customer	31	Female	Philippines	National Capital Region (Metro Manila)
339602	2	1	0:02:46.819	0:02:54.141	00:00:7.322	[filler/] [eng_start/] okay [eng_end/] [filler/] puwede po kayo ulit tumawag sa aming [filler/] [filler/] himpilan kung nagkakaron po kayo ng karagdagang problema	12ab8793-cd70-49d0-a64b-6ccee12e8fd0	banking	00:03:17.539993286132812	8000	16	Audio/12ab8793-cd70-49d0-a64b-6ccee12e8fd0.wav	AAF38662-6FDA-48EB-A673-F5F7A50C48DB	True	agent	42	Female	Philippines	Cavite	16E2FDB6-9B2D-4CB8-A22C-80448BCFA5E9	True	customer	31	Female	Philippines	National Capital Region (Metro Manila)
339603	2	2	0:02:54.065	0:02:57.269	00:00:3.204	[filler/] Sige po maraming salamat po sa tulong ninyo at ng oras [n_s/]	12ab8793-cd70-49d0-a64b-6ccee12e8fd0	banking	00:03:17.539993286132812	8000	16	Audio/12ab8793-cd70-49d0-a64b-6ccee12e8fd0.wav	AAF38662-6FDA-48EB-A673-F5F7A50C48DB	True	agent	42	Female	Philippines	Cavite	16E2FDB6-9B2D-4CB8-A22C-80448BCFA5E9	True	customer	31	Female	Philippines	National Capital Region (Metro Manila)
339604	2	1	0:02:57.359	0:03:16.001	00:00:18.642	[eng_start/] Okay [eng_end/] Maraming salamat din po [eng_start/] ma'am [eng_end/] sa pagtawag May iba pa po ba akong maitutulong sa inyo [eng_start/] Okay [eng_end/] [filler/] Maraming salamat [eng_start/] ma'am [eng_end/] ulit sa pagtawag sa bangko ng bayan Iniimbitahan ko po kayong sumali sa [eng_start/] satisfaction survey [eng_end/] tungkol sa inyong kasiyahan pagkatapos po ng tawag	12ab8793-cd70-49d0-a64b-6ccee12e8fd0	banking	00:03:17.539993286132812	8000	16	Audio/12ab8793-cd70-49d0-a64b-6ccee12e8fd0.wav	AAF38662-6FDA-48EB-A673-F5F7A50C48DB	True	agent	42	Female	Philippines	Cavite	16E2FDB6-9B2D-4CB8-A22C-80448BCFA5E9	True	customer	31	Female	Philippines	National Capital Region (Metro Manila)
339605	2	2	0:03:15.235	0:03:17.540	00:00:2.305	Sige sige po	12ab8793-cd70-49d0-a64b-6ccee12e8fd0	banking	00:03:17.539993286132812	8000	16	Audio/12ab8793-cd70-49d0-a64b-6ccee12e8fd0.wav	AAF38662-6FDA-48EB-A673-F5F7A50C48DB	True	agent	42	Female	Philippines	Cavite	16E2FDB6-9B2D-4CB8-A22C-80448BCFA5E9	True	customer	31	Female	Philippines	National Capital Region (Metro Manila)
370534	2	1	0:00:00.000	0:00:05.335	00:00:5.335	Magandang araw Maraming salamat sa pagtawag sa "Bangko de Filipina" Ano po'ng maitutulong ko	174bf590-3d57-4c46-9cc8-b15a2f584b14	banking	00:03:55.3800048828125	8000	16	Audio/174bf590-3d57-4c46-9cc8-b15a2f584b14.wav	882145B4-2242-46F5-BE34-08783B7C919C	True	agent	32	Female	Philippines	Laguna	6106C194-2F98-4C04-B0DC-666E2B3D10B9	True	customer	28	Female	Philippines	Cavite
370535	2	2	0:00:05.281	0:00:24.363	00:00:19.082	Magandang araw ako si "Ellen" [filler/] sasat- [filler/] naka-schedule na mabayaran ang sweldo ko ngayong linggo pero nasa kalagitnaan ng linggo ang [eng_start/] bank holidays [eng_end/] [filler/] gusto ko sanang malaman kung matatanggap ko ba yung pera bago sumapit ang [eng_start/] bank holiday [eng_end/] o pagkatapos ng [eng_start/] bank holiday [eng_end/]	174bf590-3d57-4c46-9cc8-b15a2f584b14	banking	00:03:55.3800048828125	8000	16	Audio/174bf590-3d57-4c46-9cc8-b15a2f584b14.wav	882145B4-2242-46F5-BE34-08783B7C919C	True	agent	32	Female	Philippines	Laguna	6106C194-2F98-4C04-B0DC-666E2B3D10B9	True	customer	28	Female	Philippines	Cavite
370536	2	1	0:00:24.790	0:00:30.996	00:00:6.206	[filler/] Magandang katanungan po iyan [filler/] Matanong ko lang po [eng_start/] ma'am [eng_end/] kung [filler/] kailan po ginawa ang paglipat	174bf590-3d57-4c46-9cc8-b15a2f584b14	banking	00:03:55.3800048828125	8000	16	Audio/174bf590-3d57-4c46-9cc8-b15a2f584b14.wav	882145B4-2242-46F5-BE34-08783B7C919C	True	agent	32	Female	Philippines	Laguna	6106C194-2F98-4C04-B0DC-666E2B3D10B9	True	customer	28	Female	Philippines	Cavite
370537	2	2	0:00:31.090	0:00:34.984	00:00:3.894	Ginawa ko yung paglipat sa pagsisimula ng linggo	174bf590-3d57-4c46-9cc8-b15a2f584b14	banking	00:03:55.3800048828125	8000	16	Audio/174bf590-3d57-4c46-9cc8-b15a2f584b14.wav	882145B4-2242-46F5-BE34-08783B7C919C	True	agent	32	Female	Philippines	Laguna	6106C194-2F98-4C04-B0DC-666E2B3D10B9	True	customer	28	Female	Philippines	Cavite
370538	2	1	0:00:34.834	0:00:41.357	00:00:6.523	[filler/] [filler/] Sige po [filler/] Maitanong ko na lang din po kung [filler/] alam niyo po ba kung [filler/] aling bangko po nagmula ito	174bf590-3d57-4c46-9cc8-b15a2f584b14	banking	00:03:55.3800048828125	8000	16	Audio/174bf590-3d57-4c46-9cc8-b15a2f584b14.wav	882145B4-2242-46F5-BE34-08783B7C919C	True	agent	32	Female	Philippines	Laguna	6106C194-2F98-4C04-B0DC-666E2B3D10B9	True	customer	28	Female	Philippines	Cavite
370539	2	2	0:00:41.276	0:00:49.570	00:00:8.294	[filler/] Hindi ko alam kung saang bangko nag- la itatanong ko din kung gaano katagal yung karaniwang proseso	174bf590-3d57-4c46-9cc8-b15a2f584b14	banking	00:03:55.3800048828125	8000	16	Audio/174bf590-3d57-4c46-9cc8-b15a2f584b14.wav	882145B4-2242-46F5-BE34-08783B7C919C	True	agent	32	Female	Philippines	Laguna	6106C194-2F98-4C04-B0DC-666E2B3D10B9	True	customer	28	Female	Philippines	Cavite
370540	2	1	0:00:49.354	0:00:57.722	00:00:8.368	[filler/] Para po sa karaniwang [filler/] proseso ito po ay tumatagal ng mga dalawa hanggang tatlong araw po [n_s/]	174bf590-3d57-4c46-9cc8-b15a2f584b14	banking	00:03:55.3800048828125	8000	16	Audio/174bf590-3d57-4c46-9cc8-b15a2f584b14.wav	882145B4-2242-46F5-BE34-08783B7C919C	True	agent	32	Female	Philippines	Laguna	6106C194-2F98-4C04-B0DC-666E2B3D10B9	True	customer	28	Female	Philippines	Cavite
370541	2	2	0:00:55.711	0:01:07.451	00:00:11.740	[filler/] Salamat [eng_start/] so [eng_end/] dalawa o tatlong araw [filler/] at tsaka may tanong ako yung bangko ba bukas sa oras ng mga [eng_start/] bank holiday [eng_end/] o hindi	174bf590-3d57-4c46-9cc8-b15a2f584b14	banking	00:03:55.3800048828125	8000	16	Audio/174bf590-3d57-4c46-9cc8-b15a2f584b14.wav	882145B4-2242-46F5-BE34-08783B7C919C	True	agent	32	Female	Philippines	Laguna	6106C194-2F98-4C04-B0DC-666E2B3D10B9	True	customer	28	Female	Philippines	Cavite
370542	2	1	0:01:07.720	0:01:24.102	00:00:16.382	[filler/] [eng_start/] About [eng_end/] ho sa [filler/] pagbubukas po ng mga bangko sa [eng_start/] bank holiday [eng_end/] [filler/] hindi po tayo bukas [eng_start/] ma'am [eng_end/] sa kasamaang-palad pero ang pwede niyo pong gawin ay pwede po kayong magtungo sa aming [eng_start/] website [eng_end/] habang sarado po ang mga bangko [n_s/]	174bf590-3d57-4c46-9cc8-b15a2f584b14	banking	00:03:55.3800048828125	8000	16	Audio/174bf590-3d57-4c46-9cc8-b15a2f584b14.wav	882145B4-2242-46F5-BE34-08783B7C919C	True	agent	32	Female	Philippines	Laguna	6106C194-2F98-4C04-B0DC-666E2B3D10B9	True	customer	28	Female	Philippines	Cavite
370543	2	2	0:01:21.706	0:01:24.228	00:00:2.522	Gusto ko sanang maglipat ng pera [filler/]	174bf590-3d57-4c46-9cc8-b15a2f584b14	banking	00:03:55.3800048828125	8000	16	Audio/174bf590-3d57-4c46-9cc8-b15a2f584b14.wav	882145B4-2242-46F5-BE34-08783B7C919C	True	agent	32	Female	Philippines	Laguna	6106C194-2F98-4C04-B0DC-666E2B3D10B9	True	customer	28	Female	Philippines	Cavite
370544	2	1	0:01:24.102	0:01:51.403	00:00:27.301	[filler/] Opo [filler/] posible po ito gawin [eng_start/] online [eng_end/] ang paglilipat ng pera [filler/] matanong ko lang po kung meron po kayong [eng_start/] online account [eng_end/] [filler/] maganda po iyan [filler/] paliwanag ko lang din po kung paano po yung gagawin niyo na [filler/] sa [eng_start/] online account [eng_end/] po para makapaglipat ng pera [filler/] mag-log in lang po kayo sa inyong [eng_start/] account [eng_end/] tapos po may makikita po kayo doon na [eng_start/] transfer money [eng_end/] iki-click niyo lang po iyon at maglagay po kayo ng mga detalye	174bf590-3d57-4c46-9cc8-b15a2f584b14	banking	00:03:55.3800048828125	8000	16	Audio/174bf590-3d57-4c46-9cc8-b15a2f584b14.wav	882145B4-2242-46F5-BE34-08783B7C919C	True	agent	32	Female	Philippines	Laguna	6106C194-2F98-4C04-B0DC-666E2B3D10B9	True	customer	28	Female	Philippines	Cavite
370545	2	2	0:01:31.873	0:01:34.000	00:00:2.127	Meron naman akong [eng_start/] online account [eng_end/]	174bf590-3d57-4c46-9cc8-b15a2f584b14	banking	00:03:55.3800048828125	8000	16	Audio/174bf590-3d57-4c46-9cc8-b15a2f584b14.wav	882145B4-2242-46F5-BE34-08783B7C919C	True	agent	32	Female	Philippines	Laguna	6106C194-2F98-4C04-B0DC-666E2B3D10B9	True	customer	28	Female	Philippines	Cavite
370546	2	2	0:01:51.363	0:01:55.679	00:00:4.316	Sandali [filler/] pwede bang ulitin mo yung huli mong sinabi [n_s/]	174bf590-3d57-4c46-9cc8-b15a2f584b14	banking	00:03:55.3800048828125	8000	16	Audio/174bf590-3d57-4c46-9cc8-b15a2f584b14.wav	882145B4-2242-46F5-BE34-08783B7C919C	True	agent	32	Female	Philippines	Laguna	6106C194-2F98-4C04-B0DC-666E2B3D10B9	True	customer	28	Female	Philippines	Cavite
370547	2	1	0:01:55.734	0:02:12.319	00:00:16.585	[n_s/] [filler/] Opo sige po [filler/] Yung huli ko pong sinabi ay [filler/] i-click niyo lang po yung [filler/] [eng_start/] transfer [eng_end/] [filler/] [eng_start/] bill [eng_end/] [filler/] at kapag cli-nick nyo po yun ay maglagay po kayo ng mga detalye na kailangan para po sa paglilipat ng pera	174bf590-3d57-4c46-9cc8-b15a2f584b14	banking	00:03:55.3800048828125	8000	16	Audio/174bf590-3d57-4c46-9cc8-b15a2f584b14.wav	882145B4-2242-46F5-BE34-08783B7C919C	True	agent	32	Female	Philippines	Laguna	6106C194-2F98-4C04-B0DC-666E2B3D10B9	True	customer	28	Female	Philippines	Cavite
370548	2	2	0:02:09.702	0:02:15.788	00:00:6.086	[filler/] Salamat [filler/] Tatanong ko lang din paano makakakuha ng katunayan ng paglipat	174bf590-3d57-4c46-9cc8-b15a2f584b14	banking	00:03:55.3800048828125	8000	16	Audio/174bf590-3d57-4c46-9cc8-b15a2f584b14.wav	882145B4-2242-46F5-BE34-08783B7C919C	True	agent	32	Female	Philippines	Laguna	6106C194-2F98-4C04-B0DC-666E2B3D10B9	True	customer	28	Female	Philippines	Cavite
370549	2	1	0:02:12.319	0:02:28.033	00:00:15.714	[n_s/] [filler/] Sige po yung katunayan po ng paglipat ay [filler/] makakakuha po kayo ng [eng_start/] email [eng_end/] [filler/] para po sa kumpirmasyon at ito po ay awtomatikong [filler/] ise-send po sa inyong [eng_start/] email address [eng_end/]	174bf590-3d57-4c46-9cc8-b15a2f584b14	banking	00:03:55.3800048828125	8000	16	Audio/174bf590-3d57-4c46-9cc8-b15a2f584b14.wav	882145B4-2242-46F5-BE34-08783B7C919C	True	agent	32	Female	Philippines	Laguna	6106C194-2F98-4C04-B0DC-666E2B3D10B9	True	customer	28	Female	Philippines	Cavite
370550	2	2	0:02:27.954	0:02:37.958	00:00:10.004	[filler/] Salamat [eng_start/] so [eng_end/] ise-send yun sa [eng_start/] email address [eng_end/] na nakalagay sa aking [eng_start/] account [eng_end/] [filler/] Salamat sa impormasyon [n_s/]	174bf590-3d57-4c46-9cc8-b15a2f584b14	banking	00:03:55.3800048828125	8000	16	Audio/174bf590-3d57-4c46-9cc8-b15a2f584b14.wav	882145B4-2242-46F5-BE34-08783B7C919C	True	agent	32	Female	Philippines	Laguna	6106C194-2F98-4C04-B0DC-666E2B3D10B9	True	customer	28	Female	Philippines	Cavite
370551	2	1	0:02:34.895	0:02:41.686	00:00:6.791	Ayun po [filler/] Salamat po sa inyong oras [filler/] meron pa po kayong [filler/] opo Meron pa po ba akong maitutulong sa inyo	174bf590-3d57-4c46-9cc8-b15a2f584b14	banking	00:03:55.3800048828125	8000	16	Audio/174bf590-3d57-4c46-9cc8-b15a2f584b14.wav	882145B4-2242-46F5-BE34-08783B7C919C	True	agent	32	Female	Philippines	Laguna	6106C194-2F98-4C04-B0DC-666E2B3D10B9	True	customer	28	Female	Philippines	Cavite
370552	2	2	0:02:41.465	0:03:02.734	00:00:21.269	Oo [filler/] tatanungin ko lang kung sisi- sisingilin ba ako para sa paglipat ng pera sa bangko sa [eng_start/] online account [eng_end/] ko libre [eng_start/] so [eng_end/] wala akong babayaran salamat [filler/] [filler/] sige [filler/] gusto ko din sanang malaman kung saan ba ang pinakamalapit na [eng_start/] A. T. M. [eng_end/] sa lugar ko	174bf590-3d57-4c46-9cc8-b15a2f584b14	banking	00:03:55.3800048828125	8000	16	Audio/174bf590-3d57-4c46-9cc8-b15a2f584b14.wav	882145B4-2242-46F5-BE34-08783B7C919C	True	agent	32	Female	Philippines	Laguna	6106C194-2F98-4C04-B0DC-666E2B3D10B9	True	customer	28	Female	Philippines	Cavite
370553	2	1	0:02:48.378	0:02:58.553	00:00:10.175	[filler/] Hindi po [filler/] libre po ito Wala pong bayad [n_s/]	174bf590-3d57-4c46-9cc8-b15a2f584b14	banking	00:03:55.3800048828125	8000	16	Audio/174bf590-3d57-4c46-9cc8-b15a2f584b14.wav	882145B4-2242-46F5-BE34-08783B7C919C	True	agent	32	Female	Philippines	Laguna	6106C194-2F98-4C04-B0DC-666E2B3D10B9	True	customer	28	Female	Philippines	Cavite
370554	2	1	0:03:02.595	0:03:10.987	00:00:8.392	[filler/] [filler/] Sige po huwag po kayong mag-alala Maibibigay ko po ang impormasyon dito sa telepono [filler/] Ano pong bayan o lungsod po kayo naroon	174bf590-3d57-4c46-9cc8-b15a2f584b14	banking	00:03:55.3800048828125	8000	16	Audio/174bf590-3d57-4c46-9cc8-b15a2f584b14.wav	882145B4-2242-46F5-BE34-08783B7C919C	True	agent	32	Female	Philippines	Laguna	6106C194-2F98-4C04-B0DC-666E2B3D10B9	True	customer	28	Female	Philippines	Cavite
370555	2	2	0:03:10.966	0:03:21.661	00:00:10.695	[filler/] Nakatira ako sa may "Molino Bacoor Cavite " ang [eng_start/] postcode [eng_end/] ay [eng_start/] four one one eght [eng_end/]	174bf590-3d57-4c46-9cc8-b15a2f584b14	banking	00:03:55.3800048828125	8000	16	Audio/174bf590-3d57-4c46-9cc8-b15a2f584b14.wav	882145B4-2242-46F5-BE34-08783B7C919C	True	agent	32	Female	Philippines	Laguna	6106C194-2F98-4C04-B0DC-666E2B3D10B9	True	customer	28	Female	Philippines	Cavite
370556	2	1	0:03:21.523	0:03:27.141	00:00:5.618	[filler/] [filler/] Sige po ang pinakamalapit po na [eng_start/] A. T. M. [eng_end/] ay [filler/] andun po sa "S. M. Bacoor"	174bf590-3d57-4c46-9cc8-b15a2f584b14	banking	00:03:55.3800048828125	8000	16	Audio/174bf590-3d57-4c46-9cc8-b15a2f584b14.wav	882145B4-2242-46F5-BE34-08783B7C919C	True	agent	32	Female	Philippines	Laguna	6106C194-2F98-4C04-B0DC-666E2B3D10B9	True	customer	28	Female	Philippines	Cavite
370557	2	2	0:03:27.127	0:03:34.795	00:00:7.668	sa "S. M. Bacoor" Alam mo ba kung saang parte ng "S. M. Bacoor" kung anong [eng_start/] floor [eng_end/] Salamat [filler/]	174bf590-3d57-4c46-9cc8-b15a2f584b14	banking	00:03:55.3800048828125	8000	16	Audio/174bf590-3d57-4c46-9cc8-b15a2f584b14.wav	882145B4-2242-46F5-BE34-08783B7C919C	True	agent	32	Female	Philippines	Laguna	6106C194-2F98-4C04-B0DC-666E2B3D10B9	True	customer	28	Female	Philippines	Cavite
370558	2	1	0:03:32.358	0:03:38.386	00:00:6.028	[filler/] Don po sa [eng_start/] third floor [eng_end/] po salamat din po sa inyong oras meron pa po ba akong ibang maitutulong	174bf590-3d57-4c46-9cc8-b15a2f584b14	banking	00:03:55.3800048828125	8000	16	Audio/174bf590-3d57-4c46-9cc8-b15a2f584b14.wav	882145B4-2242-46F5-BE34-08783B7C919C	True	agent	32	Female	Philippines	Laguna	6106C194-2F98-4C04-B0DC-666E2B3D10B9	True	customer	28	Female	Philippines	Cavite
370559	2	2	0:03:38.265	0:03:44.386	00:00:6.121	Wala naman na [filler/] Natanong ko naman na lahat ng kailangan kong itanong sa'yo	174bf590-3d57-4c46-9cc8-b15a2f584b14	banking	00:03:55.3800048828125	8000	16	Audio/174bf590-3d57-4c46-9cc8-b15a2f584b14.wav	882145B4-2242-46F5-BE34-08783B7C919C	True	agent	32	Female	Philippines	Laguna	6106C194-2F98-4C04-B0DC-666E2B3D10B9	True	customer	28	Female	Philippines	Cavite
370560	2	1	0:03:44.389	0:03:55.380	00:00:10.991	[filler/] Sige po [filler/] salamat po sa inyong oras ngayon imbitahan ko lang po kayo sumali sa aming [eng_start/] satisfaction survey survey [eng_end/] po ito tungkol sa kasiyahan ng [eng_start/] customer [eng_end/] pagkatapos po ng tawag paalam po	174bf590-3d57-4c46-9cc8-b15a2f584b14	banking	00:03:55.3800048828125	8000	16	Audio/174bf590-3d57-4c46-9cc8-b15a2f584b14.wav	882145B4-2242-46F5-BE34-08783B7C919C	True	agent	32	Female	Philippines	Laguna	6106C194-2F98-4C04-B0DC-666E2B3D10B9	True	customer	28	Female	Philippines	Cavite
370841	2	1	0:00:00.000	0:00:08.623	00:00:8.623	Magandang araw Maraming salamat sa pagtawag sa "Bangko De Filipina" Ano po'ng maitutulong ko	2002c4cd-d39c-4610-a2ac-78ab3d66422d	banking	00:03:23.05999755859375	8000	16	Audio/2002c4cd-d39c-4610-a2ac-78ab3d66422d.wav	882145B4-2242-46F5-BE34-08783B7C919C	True	agent	32	Female	Philippines	Laguna	62187B2D-1F99-438E-BD44-6990222C3852	True	customer	27	Male	Philippines	National Capital Region (Metro Manila)
370842	2	2	0:00:10.597	0:00:12.766	00:00:2.169	Nawawala kasi yung [eng_start/] credit card [eng_end/] ko	2002c4cd-d39c-4610-a2ac-78ab3d66422d	banking	00:03:23.05999755859375	8000	16	Audio/2002c4cd-d39c-4610-a2ac-78ab3d66422d.wav	882145B4-2242-46F5-BE34-08783B7C919C	True	agent	32	Female	Philippines	Laguna	62187B2D-1F99-438E-BD44-6990222C3852	True	customer	27	Male	Philippines	National Capital Region (Metro Manila)
370843	2	1	0:00:15.302	0:00:26.509	00:00:11.207	[filler/] Ganun po ba [eng_start/] sir [eng_end/] Naku nakakalungkot naman po iyan pero wag po kayong mag-alala dahil [filler/] matutulungan ko po kayo [filler/] Pwede ko po bang hingiin ang buong pangalan ninyo	2002c4cd-d39c-4610-a2ac-78ab3d66422d	banking	00:03:23.05999755859375	8000	16	Audio/2002c4cd-d39c-4610-a2ac-78ab3d66422d.wav	882145B4-2242-46F5-BE34-08783B7C919C	True	agent	32	Female	Philippines	Laguna	62187B2D-1F99-438E-BD44-6990222C3852	True	customer	27	Male	Philippines	National Capital Region (Metro Manila)
370844	2	1	0:00:32.311	0:00:40.589	00:00:8.278	Salamat po [eng_start/] mister [eng_end/] "Claver" [filler/] para po sa pang karagdagang impormasyon ano po ang numero ng inyong [eng_start/] card [eng_end/]	2002c4cd-d39c-4610-a2ac-78ab3d66422d	banking	00:03:23.05999755859375	8000	16	Audio/2002c4cd-d39c-4610-a2ac-78ab3d66422d.wav	882145B4-2242-46F5-BE34-08783B7C919C	True	agent	32	Female	Philippines	Laguna	62187B2D-1F99-438E-BD44-6990222C3852	True	customer	27	Male	Philippines	National Capital Region (Metro Manila)
370845	2	2	0:00:43.091	0:00:53.626	00:00:10.535	[filler/] [eng_start/] five six one two three four two one four nine eight seven three two seven eight [eng_end/]	2002c4cd-d39c-4610-a2ac-78ab3d66422d	banking	00:03:23.05999755859375	8000	16	Audio/2002c4cd-d39c-4610-a2ac-78ab3d66422d.wav	882145B4-2242-46F5-BE34-08783B7C919C	True	agent	32	Female	Philippines	Laguna	62187B2D-1F99-438E-BD44-6990222C3852	True	customer	27	Male	Philippines	National Capital Region (Metro Manila)
370846	2	1	0:00:52.595	0:01:03.609	00:00:11.014	[n_s/] Maraming salamat po at [filler/] para po sa pagberipika ng inyong [eng_start/] account [eng_end/] ano po ang petsa ng inyong kapanganakan	2002c4cd-d39c-4610-a2ac-78ab3d66422d	banking	00:03:23.05999755859375	8000	16	Audio/2002c4cd-d39c-4610-a2ac-78ab3d66422d.wav	882145B4-2242-46F5-BE34-08783B7C919C	True	agent	32	Female	Philippines	Laguna	62187B2D-1F99-438E-BD44-6990222C3852	True	customer	27	Male	Philippines	National Capital Region (Metro Manila)
370847	2	1	0:01:09.461	0:01:16.182	00:00:6.721	Salamat po at [filler/] hingiin ko na din po ang numero ng inyong [filler/] [eng_start/] mobile phone [eng_end/]	2002c4cd-d39c-4610-a2ac-78ab3d66422d	banking	00:03:23.05999755859375	8000	16	Audio/2002c4cd-d39c-4610-a2ac-78ab3d66422d.wav	882145B4-2242-46F5-BE34-08783B7C919C	True	agent	32	Female	Philippines	Laguna	62187B2D-1F99-438E-BD44-6990222C3852	True	customer	27	Male	Philippines	National Capital Region (Metro Manila)
370848	2	2	0:01:19.967	0:01:25.099	00:00:5.132	[eng_start/] Zero nine zero eight six five three six zero six four [eng_end/]	2002c4cd-d39c-4610-a2ac-78ab3d66422d	banking	00:03:23.05999755859375	8000	16	Audio/2002c4cd-d39c-4610-a2ac-78ab3d66422d.wav	882145B4-2242-46F5-BE34-08783B7C919C	True	agent	32	Female	Philippines	Laguna	62187B2D-1F99-438E-BD44-6990222C3852	True	customer	27	Male	Philippines	National Capital Region (Metro Manila)
370849	2	1	0:01:27.396	0:01:36.873	00:00:9.477	Maraming salamat po at [filler/] tanungin ko na din po [eng_start/] sir [eng_end/] kung ano po yung [eng_start/] billing address [eng_end/] na nakaugnay po sa inyong [eng_start/] card [eng_end/]	2002c4cd-d39c-4610-a2ac-78ab3d66422d	banking	00:03:23.05999755859375	8000	16	Audio/2002c4cd-d39c-4610-a2ac-78ab3d66422d.wav	882145B4-2242-46F5-BE34-08783B7C919C	True	agent	32	Female	Philippines	Laguna	62187B2D-1F99-438E-BD44-6990222C3852	True	customer	27	Male	Philippines	National Capital Region (Metro Manila)
370850	2	2	0:01:39.793	0:01:46.554	00:00:6.761	[eng_start/] "Twenty-seven Apple Street Mountain Era [eng_end/] Villa Cuana [eng_start/] Three [eng_end/] Pinagbuhatan Pasig [eng_start/] City" [eng_end/]	2002c4cd-d39c-4610-a2ac-78ab3d66422d	banking	00:03:23.05999755859375	8000	16	Audio/2002c4cd-d39c-4610-a2ac-78ab3d66422d.wav	882145B4-2242-46F5-BE34-08783B7C919C	True	agent	32	Female	Philippines	Laguna	62187B2D-1F99-438E-BD44-6990222C3852	True	customer	27	Male	Philippines	National Capital Region (Metro Manila)
370851	2	1	0:01:49.101	0:01:58.434	00:00:9.333	Maraming salamat po [filler/] ito din po ba yung [eng_start/] address [eng_end/] po na dapat po namin padalhan ng bago ninyong [eng_start/] card [eng_end/] o meron po kayong ibang [eng_start/] address [eng_end/]	2002c4cd-d39c-4610-a2ac-78ab3d66422d	banking	00:03:23.05999755859375	8000	16	Audio/2002c4cd-d39c-4610-a2ac-78ab3d66422d.wav	882145B4-2242-46F5-BE34-08783B7C919C	True	agent	32	Female	Philippines	Laguna	62187B2D-1F99-438E-BD44-6990222C3852	True	customer	27	Male	Philippines	National Capital Region (Metro Manila)
370852	2	2	0:02:00.855	0:02:12.160	00:00:11.305	[eng_start/] Well [eng_end/] nakatira ako ngayon sa ibang lugar [eng_start/] so [eng_end/] pwede bang baguhin nat- kasi wala na akong mapagkukunan at- [filler/] [eng_start/] okay [eng_end/]	2002c4cd-d39c-4610-a2ac-78ab3d66422d	banking	00:03:23.05999755859375	8000	16	Audio/2002c4cd-d39c-4610-a2ac-78ab3d66422d.wav	882145B4-2242-46F5-BE34-08783B7C919C	True	agent	32	Female	Philippines	Laguna	62187B2D-1F99-438E-BD44-6990222C3852	True	customer	27	Male	Philippines	National Capital Region (Metro Manila)
370853	2	1	0:02:09.282	0:02:13.861	00:00:4.579	Sige po Ano po yung bago niyo pong [eng_start/] address [eng_end/] po	2002c4cd-d39c-4610-a2ac-78ab3d66422d	banking	00:03:23.05999755859375	8000	16	Audio/2002c4cd-d39c-4610-a2ac-78ab3d66422d.wav	882145B4-2242-46F5-BE34-08783B7C919C	True	agent	32	Female	Philippines	Laguna	62187B2D-1F99-438E-BD44-6990222C3852	True	customer	27	Male	Philippines	National Capital Region (Metro Manila)
370854	2	2	0:02:22.066	0:02:26.812	00:00:4.746	"Villa Cuana [eng_start/] Three [eng_end/] Pinagbuhatan Pasig [eng_start/] City" [eng_end/]	2002c4cd-d39c-4610-a2ac-78ab3d66422d	banking	00:03:23.05999755859375	8000	16	Audio/2002c4cd-d39c-4610-a2ac-78ab3d66422d.wav	882145B4-2242-46F5-BE34-08783B7C919C	True	agent	32	Female	Philippines	Laguna	62187B2D-1F99-438E-BD44-6990222C3852	True	customer	27	Male	Philippines	National Capital Region (Metro Manila)
370855	2	1	0:02:28.657	0:02:38.722	00:00:10.065	Salamat po at [filler/] nais ko pong sabihin na nakansela na po ang inyong lumang [eng_start/] card [eng_end/] at ipapadala po namin ang bago niyong [eng_start/] card [eng_end/] sa ibinigay niyo po na [eng_start/] address [eng_end/]	2002c4cd-d39c-4610-a2ac-78ab3d66422d	banking	00:03:23.05999755859375	8000	16	Audio/2002c4cd-d39c-4610-a2ac-78ab3d66422d.wav	882145B4-2242-46F5-BE34-08783B7C919C	True	agent	32	Female	Philippines	Laguna	62187B2D-1F99-438E-BD44-6990222C3852	True	customer	27	Male	Philippines	National Capital Region (Metro Manila)
370856	2	2	0:02:40.766	0:02:44.548	00:00:3.782	Maraming salamat at naintindihan mo din ako at natulungan	2002c4cd-d39c-4610-a2ac-78ab3d66422d	banking	00:03:23.05999755859375	8000	16	Audio/2002c4cd-d39c-4610-a2ac-78ab3d66422d.wav	882145B4-2242-46F5-BE34-08783B7C919C	True	agent	32	Female	Philippines	Laguna	62187B2D-1F99-438E-BD44-6990222C3852	True	customer	27	Male	Philippines	National Capital Region (Metro Manila)
370857	2	1	0:02:48.392	0:02:55.188	00:00:6.796	at nais ko din pong sabihin sa inyo na aabutin po ng [filler/] [filler/] Ano po	2002c4cd-d39c-4610-a2ac-78ab3d66422d	banking	00:03:23.05999755859375	8000	16	Audio/2002c4cd-d39c-4610-a2ac-78ab3d66422d.wav	882145B4-2242-46F5-BE34-08783B7C919C	True	agent	32	Female	Philippines	Laguna	62187B2D-1F99-438E-BD44-6990222C3852	True	customer	27	Male	Philippines	National Capital Region (Metro Manila)
370858	2	2	0:02:49.554	0:02:53.209	00:00:3.655	May karagdagan bang [eng_start/] pay [eng_end/] ito [n_s/]	2002c4cd-d39c-4610-a2ac-78ab3d66422d	banking	00:03:23.05999755859375	8000	16	Audio/2002c4cd-d39c-4610-a2ac-78ab3d66422d.wav	882145B4-2242-46F5-BE34-08783B7C919C	True	agent	32	Female	Philippines	Laguna	62187B2D-1F99-438E-BD44-6990222C3852	True	customer	27	Male	Philippines	National Capital Region (Metro Manila)
370859	2	1	0:03:00.958	0:03:08.765	00:00:7.807	[filler/] Yung pong [eng_start/] card [eng_end/] po nila ay [filler/] darating po sa inyo ng higit kumulang isang linggo po yung [filler/] aming pagpapadala	2002c4cd-d39c-4610-a2ac-78ab3d66422d	banking	00:03:23.05999755859375	8000	16	Audio/2002c4cd-d39c-4610-a2ac-78ab3d66422d.wav	882145B4-2242-46F5-BE34-08783B7C919C	True	agent	32	Female	Philippines	Laguna	62187B2D-1F99-438E-BD44-6990222C3852	True	customer	27	Male	Philippines	National Capital Region (Metro Manila)
370860	2	2	0:03:13.386	0:03:16.221	00:00:2.835	[filler/] [eng_start/] Okay [eng_end/] sige naintindihan ko	2002c4cd-d39c-4610-a2ac-78ab3d66422d	banking	00:03:23.05999755859375	8000	16	Audio/2002c4cd-d39c-4610-a2ac-78ab3d66422d.wav	882145B4-2242-46F5-BE34-08783B7C919C	True	agent	32	Female	Philippines	Laguna	62187B2D-1F99-438E-BD44-6990222C3852	True	customer	27	Male	Philippines	National Capital Region (Metro Manila)
330138	2	1	0:00:00.000	0:00:07.147	00:00:7.147	Magandang araw Maraming salamat sa pagtawag sa bangko ng bayan May maitutulong po ba ako sa inyo ngayong araw na ito [n_s/]	4f583fc1-a97f-4e2d-94ee-59bac143af45	banking	00:03:13.32000732421875	8000	16	Audio/4f583fc1-a97f-4e2d-94ee-59bac143af45.wav	AAF38662-6FDA-48EB-A673-F5F7A50C48DB	True	agent	42	Female	Philippines	Cavite	6106C194-2F98-4C04-B0DC-666E2B3D10B9	True	customer	28	Female	Philippines	Cavite
330139	2	2	0:00:06.442	0:00:10.786	00:00:4.344	Magandang araw [filler/] gusto ko lang sanang mag-apply ng [eng_start/] automobile loan [eng_end/]	4f583fc1-a97f-4e2d-94ee-59bac143af45	banking	00:03:13.32000732421875	8000	16	Audio/4f583fc1-a97f-4e2d-94ee-59bac143af45.wav	AAF38662-6FDA-48EB-A673-F5F7A50C48DB	True	agent	42	Female	Philippines	Cavite	6106C194-2F98-4C04-B0DC-666E2B3D10B9	True	customer	28	Female	Philippines	Cavite
330140	2	1	0:00:11.029	0:00:24.887	00:00:13.858	[eng_start/] Okay [eng_end/] [filler/] huwag po kayo mag-alala matutulungan po namin kayo tungkol sa bagay na ito [filler/] kailangan ko pong hingin [eng_start/] ma'am [eng_end/] ang inyo pong buong pangalan [n_s/] [eng_start/] okay [eng_end/]	4f583fc1-a97f-4e2d-94ee-59bac143af45	banking	00:03:13.32000732421875	8000	16	Audio/4f583fc1-a97f-4e2d-94ee-59bac143af45.wav	AAF38662-6FDA-48EB-A673-F5F7A50C48DB	True	agent	42	Female	Philippines	Cavite	6106C194-2F98-4C04-B0DC-666E2B3D10B9	True	customer	28	Female	Philippines	Cavite
330141	2	2	0:00:19.664	0:00:22.850	00:00:3.186	Oo naman ang pangalan ko ay "Susan Jackson" [n_s/]	4f583fc1-a97f-4e2d-94ee-59bac143af45	banking	00:03:13.32000732421875	8000	16	Audio/4f583fc1-a97f-4e2d-94ee-59bac143af45.wav	AAF38662-6FDA-48EB-A673-F5F7A50C48DB	True	agent	42	Female	Philippines	Cavite	6106C194-2F98-4C04-B0DC-666E2B3D10B9	True	customer	28	Female	Philippines	Cavite
330142	2	1	0:00:24.887	0:00:29.704	00:00:4.817	[n_s/] at [filler/] nais ko rin pong hingin ang numero ng [eng_start/] "National Insurance" [eng_end/]	4f583fc1-a97f-4e2d-94ee-59bac143af45	banking	00:03:13.32000732421875	8000	16	Audio/4f583fc1-a97f-4e2d-94ee-59bac143af45.wav	AAF38662-6FDA-48EB-A673-F5F7A50C48DB	True	agent	42	Female	Philippines	Cavite	6106C194-2F98-4C04-B0DC-666E2B3D10B9	True	customer	28	Female	Philippines	Cavite
330143	2	2	0:00:29.781	0:00:36.318	00:00:6.537	Ang numero ng aking "National Insurance" ay [eng_start/] six five four one two three seven eight [eng_end/]	4f583fc1-a97f-4e2d-94ee-59bac143af45	banking	00:03:13.32000732421875	8000	16	Audio/4f583fc1-a97f-4e2d-94ee-59bac143af45.wav	AAF38662-6FDA-48EB-A673-F5F7A50C48DB	True	agent	42	Female	Philippines	Cavite	6106C194-2F98-4C04-B0DC-666E2B3D10B9	True	customer	28	Female	Philippines	Cavite
330144	2	1	0:00:36.715	0:00:52.905	00:00:16.190	[n_s/] [eng_start/] Alright [eng_end/] at nais ko rin pong hingin ang petsa ng kapanganakan ninyo [eng_start/] ma'am [eng_end/] [n_s/] [eng_start/] okay [eng_end/] maraming salamat at nais ko rin pong hingin ang numero ng [eng_start/] mobile phone [eng_end/] niyo	4f583fc1-a97f-4e2d-94ee-59bac143af45	banking	00:03:13.32000732421875	8000	16	Audio/4f583fc1-a97f-4e2d-94ee-59bac143af45.wav	AAF38662-6FDA-48EB-A673-F5F7A50C48DB	True	agent	42	Female	Philippines	Cavite	6106C194-2F98-4C04-B0DC-666E2B3D10B9	True	customer	28	Female	Philippines	Cavite
330145	2	2	0:00:42.492	0:00:47.634	00:00:5.142	Walang problema Ang aking petsa ng kapanganakan ay [eng_start/] "July" ten nineteen ninety-three [eng_end/]	4f583fc1-a97f-4e2d-94ee-59bac143af45	banking	00:03:13.32000732421875	8000	16	Audio/4f583fc1-a97f-4e2d-94ee-59bac143af45.wav	AAF38662-6FDA-48EB-A673-F5F7A50C48DB	True	agent	42	Female	Philippines	Cavite	6106C194-2F98-4C04-B0DC-666E2B3D10B9	True	customer	28	Female	Philippines	Cavite
330146	2	2	0:00:53.037	0:01:00.196	00:00:7.159	Ang numero ng [eng_start/] mobile phone [eng_end/] ko ay [eng_start/] zero nine three five six five seven eight four one one [eng_end/]	4f583fc1-a97f-4e2d-94ee-59bac143af45	banking	00:03:13.32000732421875	8000	16	Audio/4f583fc1-a97f-4e2d-94ee-59bac143af45.wav	AAF38662-6FDA-48EB-A673-F5F7A50C48DB	True	agent	42	Female	Philippines	Cavite	6106C194-2F98-4C04-B0DC-666E2B3D10B9	True	customer	28	Female	Philippines	Cavite
330147	2	1	0:01:00.710	0:01:04.648	00:00:3.938	[eng_start/] Okay [eng_end/] maraming salamat [filler/] Hihingin ko rin po [eng_start/] ma'am [eng_end/] ang inyong [eng_start/] email address [eng_end/]	4f583fc1-a97f-4e2d-94ee-59bac143af45	banking	00:03:13.32000732421875	8000	16	Audio/4f583fc1-a97f-4e2d-94ee-59bac143af45.wav	AAF38662-6FDA-48EB-A673-F5F7A50C48DB	True	agent	42	Female	Philippines	Cavite	6106C194-2F98-4C04-B0DC-666E2B3D10B9	True	customer	28	Female	Philippines	Cavite
330148	2	2	0:01:04.636	0:01:10.246	00:00:5.610	Ang aking [eng_start/] email address [eng_end/] ay "Susan " [eng_start/] dot [eng_end/] "Jackson" [eng_start/] at "Yahoo" dot com [eng_end/]	4f583fc1-a97f-4e2d-94ee-59bac143af45	banking	00:03:13.32000732421875	8000	16	Audio/4f583fc1-a97f-4e2d-94ee-59bac143af45.wav	AAF38662-6FDA-48EB-A673-F5F7A50C48DB	True	agent	42	Female	Philippines	Cavite	6106C194-2F98-4C04-B0DC-666E2B3D10B9	True	customer	28	Female	Philippines	Cavite
330149	2	1	0:01:10.559	0:01:26.401	00:00:15.842	[n_s/] [filler/] [eng_start/] Okay [eng_end/] salamat [eng_start/] Okay ma'am [eng_end/] [filler/] pwede po nating iproseso dito sa telepono ang [eng_start/] loan [eng_end/] po na mababa sa paunang [filler/] halaga na naaprubahan	4f583fc1-a97f-4e2d-94ee-59bac143af45	banking	00:03:13.32000732421875	8000	16	Audio/4f583fc1-a97f-4e2d-94ee-59bac143af45.wav	AAF38662-6FDA-48EB-A673-F5F7A50C48DB	True	agent	42	Female	Philippines	Cavite	6106C194-2F98-4C04-B0DC-666E2B3D10B9	True	customer	28	Female	Philippines	Cavite
330150	2	2	0:01:24.524	0:01:26.593	00:00:2.069	[filler/] Sige naiintindihan ko	4f583fc1-a97f-4e2d-94ee-59bac143af45	banking	00:03:13.32000732421875	8000	16	Audio/4f583fc1-a97f-4e2d-94ee-59bac143af45.wav	AAF38662-6FDA-48EB-A673-F5F7A50C48DB	True	agent	42	Female	Philippines	Cavite	6106C194-2F98-4C04-B0DC-666E2B3D10B9	True	customer	28	Female	Philippines	Cavite
330151	2	1	0:01:26.401	0:01:32.311	00:00:5.910	[filler/] Matanong ko lang po [eng_start/] ma'am [eng_end/] gaano po ba kalaki ang halaga na gusto ninyong hiramin sa ngayon	4f583fc1-a97f-4e2d-94ee-59bac143af45	banking	00:03:13.32000732421875	8000	16	Audio/4f583fc1-a97f-4e2d-94ee-59bac143af45.wav	AAF38662-6FDA-48EB-A673-F5F7A50C48DB	True	agent	42	Female	Philippines	Cavite	6106C194-2F98-4C04-B0DC-666E2B3D10B9	True	customer	28	Female	Philippines	Cavite
330152	2	2	0:01:32.570	0:01:36.043	00:00:3.473	Gusto ko sanang humiram ng isangdaang libong piso	4f583fc1-a97f-4e2d-94ee-59bac143af45	banking	00:03:13.32000732421875	8000	16	Audio/4f583fc1-a97f-4e2d-94ee-59bac143af45.wav	AAF38662-6FDA-48EB-A673-F5F7A50C48DB	True	agent	42	Female	Philippines	Cavite	6106C194-2F98-4C04-B0DC-666E2B3D10B9	True	customer	28	Female	Philippines	Cavite
330153	2	1	0:01:35.962	0:01:52.052	00:00:16.090	[filler/] [filler/] Isang daang libong piso [filler/] [eng_start/] okay maam [eng_end/] [filler/] hindi na po siya naaprubahan nung unang beses para sa halagang iyon [filler/] mangyari kakailanganin niyo po na pumunta direkta sa isang [eng_start/] branch [eng_end/]	4f583fc1-a97f-4e2d-94ee-59bac143af45	banking	00:03:13.32000732421875	8000	16	Audio/4f583fc1-a97f-4e2d-94ee-59bac143af45.wav	AAF38662-6FDA-48EB-A673-F5F7A50C48DB	True	agent	42	Female	Philippines	Cavite	6106C194-2F98-4C04-B0DC-666E2B3D10B9	True	customer	28	Female	Philippines	Cavite
330154	2	2	0:01:39.651	0:01:41.724	00:00:2.073	Oo isandaang libong piso	4f583fc1-a97f-4e2d-94ee-59bac143af45	banking	00:03:13.32000732421875	8000	16	Audio/4f583fc1-a97f-4e2d-94ee-59bac143af45.wav	AAF38662-6FDA-48EB-A673-F5F7A50C48DB	True	agent	42	Female	Philippines	Cavite	6106C194-2F98-4C04-B0DC-666E2B3D10B9	True	customer	28	Female	Philippines	Cavite
330155	2	2	0:01:51.972	0:01:57.876	00:00:5.904	Bakit naman ganun [filler/] Pwede bang humingi ng [eng_start/] address [eng_end/] ng pinakamalapit na [eng_start/] branch [eng_end/] ninyo	4f583fc1-a97f-4e2d-94ee-59bac143af45	banking	00:03:13.32000732421875	8000	16	Audio/4f583fc1-a97f-4e2d-94ee-59bac143af45.wav	AAF38662-6FDA-48EB-A673-F5F7A50C48DB	True	agent	42	Female	Philippines	Cavite	6106C194-2F98-4C04-B0DC-666E2B3D10B9	True	customer	28	Female	Philippines	Cavite
330156	2	1	0:01:57.981	0:02:11.546	00:00:13.565	Aba syempre naman po [filler/] ayon po dito sa ating [eng_start/] system [eng_end/] [filler/] may pinakamalapit pong [eng_start/] branch [eng_end/] sa inyo sa [eng_start/] two two two [eng_end/] "Laureta [eng_start/] Road" corner [eng_end/] "P. Tuazon [eng_start/] Street" [eng_end/] at sa oras na po ito malapit na pong magsara ang [eng_start/] branch [eng_end/]	4f583fc1-a97f-4e2d-94ee-59bac143af45	banking	00:03:13.32000732421875	8000	16	Audio/4f583fc1-a97f-4e2d-94ee-59bac143af45.wav	AAF38662-6FDA-48EB-A673-F5F7A50C48DB	True	agent	42	Female	Philippines	Cavite	6106C194-2F98-4C04-B0DC-666E2B3D10B9	True	customer	28	Female	Philippines	Cavite
330157	2	2	0:02:11.837	0:02:19.554	00:00:7.717	Anong oras magbubukas ang [eng_start/] branch [eng_end/] niyo bukas kailangang kailangan ko kasi ng pera kasi bibili ako ng [eng_start/] laptop [eng_end/] ng mga anak ko ngayon	4f583fc1-a97f-4e2d-94ee-59bac143af45	banking	00:03:13.32000732421875	8000	16	Audio/4f583fc1-a97f-4e2d-94ee-59bac143af45.wav	AAF38662-6FDA-48EB-A673-F5F7A50C48DB	True	agent	42	Female	Philippines	Cavite	6106C194-2F98-4C04-B0DC-666E2B3D10B9	True	customer	28	Female	Philippines	Cavite
330158	2	1	0:02:19.373	0:02:28.147	00:00:8.774	Naiintindihan ko [eng_start/] ma'am [eng_end/] [filler/] Ayon po dito sa ating [eng_start/] system [eng_end/] [filler/] magbubukas po ang [eng_start/] branch [eng_end/] na iyan sa oras po ng alas-nueve ng umaga	4f583fc1-a97f-4e2d-94ee-59bac143af45	banking	00:03:13.32000732421875	8000	16	Audio/4f583fc1-a97f-4e2d-94ee-59bac143af45.wav	AAF38662-6FDA-48EB-A673-F5F7A50C48DB	True	agent	42	Female	Philippines	Cavite	6106C194-2F98-4C04-B0DC-666E2B3D10B9	True	customer	28	Female	Philippines	Cavite
330159	2	2	0:02:28.420	0:02:31.668	00:00:3.248	Naiintindihan ko pupunta na lang ako sa [eng_start/] branch [eng_end/] ninyo bukas	4f583fc1-a97f-4e2d-94ee-59bac143af45	banking	00:03:13.32000732421875	8000	16	Audio/4f583fc1-a97f-4e2d-94ee-59bac143af45.wav	AAF38662-6FDA-48EB-A673-F5F7A50C48DB	True	agent	42	Female	Philippines	Cavite	6106C194-2F98-4C04-B0DC-666E2B3D10B9	True	customer	28	Female	Philippines	Cavite
330160	2	1	0:02:31.664	0:02:45.447	00:00:13.783	[eng_start/] Okay ma'am [eng_end/] Maganda po yan [eng_start/] ma'am [eng_end/] Ngayon [eng_start/] ma'am [eng_end/] gusto ko lang pong ipaalala sainyo na magdala po kayo ng iba't ibang uri ng pagkakakilanlan gaya po ng [eng_start/] I. D. [eng_end/] o pasaporte po kung meron po kayo [n_s/]	4f583fc1-a97f-4e2d-94ee-59bac143af45	banking	00:03:13.32000732421875	8000	16	Audio/4f583fc1-a97f-4e2d-94ee-59bac143af45.wav	AAF38662-6FDA-48EB-A673-F5F7A50C48DB	True	agent	42	Female	Philippines	Cavite	6106C194-2F98-4C04-B0DC-666E2B3D10B9	True	customer	28	Female	Philippines	Cavite
330161	2	2	0:02:42.910	0:02:45.467	00:00:2.557	Gagawin ko yan salamat sa oras mo	4f583fc1-a97f-4e2d-94ee-59bac143af45	banking	00:03:13.32000732421875	8000	16	Audio/4f583fc1-a97f-4e2d-94ee-59bac143af45.wav	AAF38662-6FDA-48EB-A673-F5F7A50C48DB	True	agent	42	Female	Philippines	Cavite	6106C194-2F98-4C04-B0DC-666E2B3D10B9	True	customer	28	Female	Philippines	Cavite
330162	2	1	0:02:45.447	0:02:53.054	00:00:7.607	[eng_start/] Okay [eng_end/] maraming salamat din po [eng_start/] ma'am [eng_end/] sa inyong oras meron pa po ba kayong [filler/] may iba pa po ba akong maitutulong sa inyo	4f583fc1-a97f-4e2d-94ee-59bac143af45	banking	00:03:13.32000732421875	8000	16	Audio/4f583fc1-a97f-4e2d-94ee-59bac143af45.wav	AAF38662-6FDA-48EB-A673-F5F7A50C48DB	True	agent	42	Female	Philippines	Cavite	6106C194-2F98-4C04-B0DC-666E2B3D10B9	True	customer	28	Female	Philippines	Cavite
330163	2	2	0:02:53.358	0:02:59.036	00:00:5.678	Wala wala naman na akong kailangan mula sa tawag na ito pupunta na lang ako sa [eng_start/] branch [eng_end/] ninyo bukas	4f583fc1-a97f-4e2d-94ee-59bac143af45	banking	00:03:13.32000732421875	8000	16	Audio/4f583fc1-a97f-4e2d-94ee-59bac143af45.wav	AAF38662-6FDA-48EB-A673-F5F7A50C48DB	True	agent	42	Female	Philippines	Cavite	6106C194-2F98-4C04-B0DC-666E2B3D10B9	True	customer	28	Female	Philippines	Cavite
330164	2	1	0:02:59.183	0:03:08.194	00:00:9.011	[eng_start/] Okay [eng_end/] maraming salamat po ulit sa pag tawag sa "Bangko ng Bayan" [eng_start/] Ma'am [eng_end/] iniimbitahan ko po kayo sumali sa [eng_start/] satisfaction survey [eng_end/] tungkol po sa kasiyahan ninyo	4f583fc1-a97f-4e2d-94ee-59bac143af45	banking	00:03:13.32000732421875	8000	16	Audio/4f583fc1-a97f-4e2d-94ee-59bac143af45.wav	AAF38662-6FDA-48EB-A673-F5F7A50C48DB	True	agent	42	Female	Philippines	Cavite	6106C194-2F98-4C04-B0DC-666E2B3D10B9	True	customer	28	Female	Philippines	Cavite
330165	2	2	0:03:09.160	0:03:13.320	00:00:4.160	Walang problema gagawin ko yan Maraming salamat Paalam	4f583fc1-a97f-4e2d-94ee-59bac143af45	banking	00:03:13.32000732421875	8000	16	Audio/4f583fc1-a97f-4e2d-94ee-59bac143af45.wav	AAF38662-6FDA-48EB-A673-F5F7A50C48DB	True	agent	42	Female	Philippines	Cavite	6106C194-2F98-4C04-B0DC-666E2B3D10B9	True	customer	28	Female	Philippines	Cavite
330050	2	1	0:00:00.000	0:00:05.638	00:00:5.638	Maraming salamat sa pagtawag sa "Bangko ng Makati" ako po si "Teresita" ano pong maitutulong ko sa inyo ngayon	5c3e2ffa-7229-40e2-ae85-e39aa6268b15	banking	00:03:16.199996948242188	8000	16	Audio/5c3e2ffa-7229-40e2-ae85-e39aa6268b15.wav	E1EBF390-D319-46CE-96D2-1CEBC0F7396C	True	agent	33	Female	Philippines	National Capital Region (Metro Manila)	E4656C37-FE08-4A5F-AF45-10F46915D2EC	True	customer	25	Female	Philippines	Cavite
330051	2	2	0:00:05.829	0:00:11.572	00:00:5.743	[n_s/] [filler/] Magandang araw po gusto ko sanang i-activate ang isang bagong [eng_start/] credit card [eng_end/]	5c3e2ffa-7229-40e2-ae85-e39aa6268b15	banking	00:03:16.199996948242188	8000	16	Audio/5c3e2ffa-7229-40e2-ae85-e39aa6268b15.wav	E1EBF390-D319-46CE-96D2-1CEBC0F7396C	True	agent	33	Female	Philippines	National Capital Region (Metro Manila)	E4656C37-FE08-4A5F-AF45-10F46915D2EC	True	customer	25	Female	Philippines	Cavite
330052	2	1	0:00:11.400	0:00:18.898	00:00:7.498	[filler/] Ganun ho ba sige ho [filler/] matutulungan ko po kayo dyan maaari ko po bang hingin yung labing anim na numero ng inyong [eng_start/] credit card [eng_end/]	5c3e2ffa-7229-40e2-ae85-e39aa6268b15	banking	00:03:16.199996948242188	8000	16	Audio/5c3e2ffa-7229-40e2-ae85-e39aa6268b15.wav	E1EBF390-D319-46CE-96D2-1CEBC0F7396C	True	agent	33	Female	Philippines	National Capital Region (Metro Manila)	E4656C37-FE08-4A5F-AF45-10F46915D2EC	True	customer	25	Female	Philippines	Cavite
330053	2	2	0:00:18.849	0:00:25.144	00:00:6.295	[eng_start/] Four one seven two eight one three five four one six two one three four three [eng_end/]	5c3e2ffa-7229-40e2-ae85-e39aa6268b15	banking	00:03:16.199996948242188	8000	16	Audio/5c3e2ffa-7229-40e2-ae85-e39aa6268b15.wav	E1EBF390-D319-46CE-96D2-1CEBC0F7396C	True	agent	33	Female	Philippines	National Capital Region (Metro Manila)	E4656C37-FE08-4A5F-AF45-10F46915D2EC	True	customer	25	Female	Philippines	Cavite
330054	2	1	0:00:24.911	0:00:41.829	00:00:16.918	Maraming salamat ho ngayon ho [filler/] maaari ko po bang hingin ang buo ninyong pangalan maraming salamat pwede ko rin po bang hingin ang [eng_start/] billing address [eng_end/] maraming salamat ho ngayon ho pwede niyo po bang banggitin sa akin ang petsa ng inyong kapanganakan	5c3e2ffa-7229-40e2-ae85-e39aa6268b15	banking	00:03:16.199996948242188	8000	16	Audio/5c3e2ffa-7229-40e2-ae85-e39aa6268b15.wav	E1EBF390-D319-46CE-96D2-1CEBC0F7396C	True	agent	33	Female	Philippines	National Capital Region (Metro Manila)	E4656C37-FE08-4A5F-AF45-10F46915D2EC	True	customer	25	Female	Philippines	Cavite
330055	2	2	0:00:34.351	0:00:36.827	00:00:2.476	Paliparan Dasma Cavite	5c3e2ffa-7229-40e2-ae85-e39aa6268b15	banking	00:03:16.199996948242188	8000	16	Audio/5c3e2ffa-7229-40e2-ae85-e39aa6268b15.wav	E1EBF390-D319-46CE-96D2-1CEBC0F7396C	True	agent	33	Female	Philippines	National Capital Region (Metro Manila)	E4656C37-FE08-4A5F-AF45-10F46915D2EC	True	customer	25	Female	Philippines	Cavite
330056	2	2	0:00:41.729	0:00:45.181	00:00:3.452	[eng_start/] "January" twenty-six nineteen ninety-six [eng_end/] [n_s/]	5c3e2ffa-7229-40e2-ae85-e39aa6268b15	banking	00:03:16.199996948242188	8000	16	Audio/5c3e2ffa-7229-40e2-ae85-e39aa6268b15.wav	E1EBF390-D319-46CE-96D2-1CEBC0F7396C	True	agent	33	Female	Philippines	National Capital Region (Metro Manila)	E4656C37-FE08-4A5F-AF45-10F46915D2EC	True	customer	25	Female	Philippines	Cavite
330057	2	1	0:00:45.097	0:00:49.902	00:00:4.805	Maraming salamat ho pwede ko po bang makuha din ang numero po ng inyong telepono	5c3e2ffa-7229-40e2-ae85-e39aa6268b15	banking	00:03:16.199996948242188	8000	16	Audio/5c3e2ffa-7229-40e2-ae85-e39aa6268b15.wav	E1EBF390-D319-46CE-96D2-1CEBC0F7396C	True	agent	33	Female	Philippines	National Capital Region (Metro Manila)	E4656C37-FE08-4A5F-AF45-10F46915D2EC	True	customer	25	Female	Philippines	Cavite
330058	2	2	0:00:49.894	0:00:55.132	00:00:5.238	[eng_start/] Zero nine four seven six three eight one one zero three [eng_end/] [n_s/]	5c3e2ffa-7229-40e2-ae85-e39aa6268b15	banking	00:03:16.199996948242188	8000	16	Audio/5c3e2ffa-7229-40e2-ae85-e39aa6268b15.wav	E1EBF390-D319-46CE-96D2-1CEBC0F7396C	True	agent	33	Female	Philippines	National Capital Region (Metro Manila)	E4656C37-FE08-4A5F-AF45-10F46915D2EC	True	customer	25	Female	Philippines	Cavite
330059	2	1	0:00:54.891	0:00:59.694	00:00:4.803	Maraming salamat kailangan ko rin hong kunin ang numero po ng inyong [eng_start/] national insurance [eng_end/]	5c3e2ffa-7229-40e2-ae85-e39aa6268b15	banking	00:03:16.199996948242188	8000	16	Audio/5c3e2ffa-7229-40e2-ae85-e39aa6268b15.wav	E1EBF390-D319-46CE-96D2-1CEBC0F7396C	True	agent	33	Female	Philippines	National Capital Region (Metro Manila)	E4656C37-FE08-4A5F-AF45-10F46915D2EC	True	customer	25	Female	Philippines	Cavite
330060	2	2	0:00:59.714	0:01:03.684	00:00:3.970	[eng_start/] A. B. one two three four five six D. [eng_end/] [n_s/]	5c3e2ffa-7229-40e2-ae85-e39aa6268b15	banking	00:03:16.199996948242188	8000	16	Audio/5c3e2ffa-7229-40e2-ae85-e39aa6268b15.wav	E1EBF390-D319-46CE-96D2-1CEBC0F7396C	True	agent	33	Female	Philippines	National Capital Region (Metro Manila)	E4656C37-FE08-4A5F-AF45-10F46915D2EC	True	customer	25	Female	Philippines	Cavite
330061	2	1	0:01:03.445	0:01:26.422	00:00:22.977	Maraming salamat ho Para po sa karagdagang beripikasyon maaari niyo po bang tignan ang likod ng inyong [eng_start/] credit card [eng_end/] [n_s/] at ibigay sa'kin [n_s/] ang tatlong numero [n_s/] sa likod Maraming [n_s/] salamat ho Nagtugma naman ho lahat ng impormasyon na binigay nyo sa'kin Batay po dito sa aming [eng_start/] system [eng_end/] [n_s/] ang [eng_start/] credit limit [eng_end/] ho ng inyong [eng_start/] credit card [eng_end/] ay hanggang [n_s/] isang daang libong piso	5c3e2ffa-7229-40e2-ae85-e39aa6268b15	banking	00:03:16.199996948242188	8000	16	Audio/5c3e2ffa-7229-40e2-ae85-e39aa6268b15.wav	E1EBF390-D319-46CE-96D2-1CEBC0F7396C	True	agent	33	Female	Philippines	National Capital Region (Metro Manila)	E4656C37-FE08-4A5F-AF45-10F46915D2EC	True	customer	25	Female	Philippines	Cavite
330062	2	2	0:01:23.997	0:01:26.665	00:00:2.668	[filler/] Nauunawaan ko po ang [eng_start/] limit [eng_end/]	5c3e2ffa-7229-40e2-ae85-e39aa6268b15	banking	00:03:16.199996948242188	8000	16	Audio/5c3e2ffa-7229-40e2-ae85-e39aa6268b15.wav	E1EBF390-D319-46CE-96D2-1CEBC0F7396C	True	agent	33	Female	Philippines	National Capital Region (Metro Manila)	E4656C37-FE08-4A5F-AF45-10F46915D2EC	True	customer	25	Female	Philippines	Cavite
330063	2	1	0:01:26.422	0:01:41.461	00:00:15.039	Maraming salamat ho [filler/] Gusto ko lang din po ipaalam sa inyo na matagumpay ko na pong nai-activate ang inyong [eng_start/] credit card [eng_end/] at maraming ra- maraming salamat po na napili niyo ang "Bangko ng Makati" para po sa serbisyo ng inyong [eng_start/] credit card [eng_end/]	5c3e2ffa-7229-40e2-ae85-e39aa6268b15	banking	00:03:16.199996948242188	8000	16	Audio/5c3e2ffa-7229-40e2-ae85-e39aa6268b15.wav	E1EBF390-D319-46CE-96D2-1CEBC0F7396C	True	agent	33	Female	Philippines	National Capital Region (Metro Manila)	E4656C37-FE08-4A5F-AF45-10F46915D2EC	True	customer	25	Female	Philippines	Cavite
330064	2	2	0:01:39.051	0:01:41.506	00:00:2.455	Maraming salamat po sa tulong niyo [n_s/]	5c3e2ffa-7229-40e2-ae85-e39aa6268b15	banking	00:03:16.199996948242188	8000	16	Audio/5c3e2ffa-7229-40e2-ae85-e39aa6268b15.wav	E1EBF390-D319-46CE-96D2-1CEBC0F7396C	True	agent	33	Female	Philippines	National Capital Region (Metro Manila)	E4656C37-FE08-4A5F-AF45-10F46915D2EC	True	customer	25	Female	Philippines	Cavite
330065	2	1	0:01:41.461	0:01:46.948	00:00:5.487	Walang anuman ho maraming salamat din ho sa inyong oras meron pa po ba akong pwedeng maitulong sa inyo	5c3e2ffa-7229-40e2-ae85-e39aa6268b15	banking	00:03:16.199996948242188	8000	16	Audio/5c3e2ffa-7229-40e2-ae85-e39aa6268b15.wav	E1EBF390-D319-46CE-96D2-1CEBC0F7396C	True	agent	33	Female	Philippines	National Capital Region (Metro Manila)	E4656C37-FE08-4A5F-AF45-10F46915D2EC	True	customer	25	Female	Philippines	Cavite
330066	2	2	0:01:46.865	0:01:54.371	00:00:7.506	[filler/] May kailangan lang sana ako na gusto kong mag-set up ng [eng_start/] paperless billing or statements [eng_end/] [n_s/]	5c3e2ffa-7229-40e2-ae85-e39aa6268b15	banking	00:03:16.199996948242188	8000	16	Audio/5c3e2ffa-7229-40e2-ae85-e39aa6268b15.wav	E1EBF390-D319-46CE-96D2-1CEBC0F7396C	True	agent	33	Female	Philippines	National Capital Region (Metro Manila)	E4656C37-FE08-4A5F-AF45-10F46915D2EC	True	customer	25	Female	Philippines	Cavite
330067	2	1	0:01:54.202	0:02:11.486	00:00:17.284	[filler/] Sige ho wala pong problema matutulungan ko po kayo tungkol diyan [filler/] nakabukas pa naman po ang inyong [eng_start/] account [eng_end/] dito sa aming [eng_start/] system [eng_end/] kaya mabilis ko po itong magagawa gusto ko lang sanang malaman kung gusto niyo po bang gawing [eng_start/] paperless [eng_end/] ang komunikasyon para po sa inyong [eng_start/] credit card [eng_end/] at para sa inyong A. T. - [eng_start/] A. T. M. card [eng_end/]	5c3e2ffa-7229-40e2-ae85-e39aa6268b15	banking	00:03:16.199996948242188	8000	16	Audio/5c3e2ffa-7229-40e2-ae85-e39aa6268b15.wav	E1EBF390-D319-46CE-96D2-1CEBC0F7396C	True	agent	33	Female	Philippines	National Capital Region (Metro Manila)	E4656C37-FE08-4A5F-AF45-10F46915D2EC	True	customer	25	Female	Philippines	Cavite
330068	2	2	0:02:11.320	0:02:15.231	00:00:3.911	[filler/] Gusto kong maging [eng_start/] paperless [eng_end/] ang lahat ng komunikasyon	5c3e2ffa-7229-40e2-ae85-e39aa6268b15	banking	00:03:16.199996948242188	8000	16	Audio/5c3e2ffa-7229-40e2-ae85-e39aa6268b15.wav	E1EBF390-D319-46CE-96D2-1CEBC0F7396C	True	agent	33	Female	Philippines	National Capital Region (Metro Manila)	E4656C37-FE08-4A5F-AF45-10F46915D2EC	True	customer	25	Female	Philippines	Cavite
330069	2	1	0:02:15.008	0:02:28.738	00:00:13.730	Sige ho gusto ko lang pong ipaalam sa inyo na meron po akong pinadal- pinadalang [eng_start/] email [eng_end/] meron po yung [eng_start/] link [eng_end/] ng pagkukumpirma kailangan nyo lang hong buksan ang [eng_start/] email [eng_end/] at i-click ang [eng_start/] link [eng_end/] na yun para po maproseso ang inyong hiling	5c3e2ffa-7229-40e2-ae85-e39aa6268b15	banking	00:03:16.199996948242188	8000	16	Audio/5c3e2ffa-7229-40e2-ae85-e39aa6268b15.wav	E1EBF390-D319-46CE-96D2-1CEBC0F7396C	True	agent	33	Female	Philippines	National Capital Region (Metro Manila)	E4656C37-FE08-4A5F-AF45-10F46915D2EC	True	customer	25	Female	Philippines	Cavite
330070	2	2	0:02:28.675	0:02:35.413	00:00:6.738	[n_s/] [filler/] Sige po titignan ko po ang [eng_start/] email [eng_end/] ngayon natanggap ko na po ang [eng_start/] email [eng_end/] at na-click ko na din ang [eng_start/] link [eng_end/] [n_s/]	5c3e2ffa-7229-40e2-ae85-e39aa6268b15	banking	00:03:16.199996948242188	8000	16	Audio/5c3e2ffa-7229-40e2-ae85-e39aa6268b15.wav	E1EBF390-D319-46CE-96D2-1CEBC0F7396C	True	agent	33	Female	Philippines	National Capital Region (Metro Manila)	E4656C37-FE08-4A5F-AF45-10F46915D2EC	True	customer	25	Female	Philippines	Cavite
330071	2	1	0:02:35.406	0:02:55.802	00:00:20.396	Maraming salamat po nakumperma ko na po na matagumpay ang paglipat ng [eng_start/] paperless billing [eng_end/] ng lahat ho ng komunikasyon para sa inyong [eng_start/] credit card [eng_end/] at [eng_start/] A. T. M. card [eng_end/] magsisimula po kayo makatanggap ng mga [eng_start/] billing statement [eng_end/] sa susunod na buwan dyan po sa aktibong [eng_start/] email [eng_end/] nyo na ginamit nyo po dito sa inyong [eng_start/] account [eng_end/]	5c3e2ffa-7229-40e2-ae85-e39aa6268b15	banking	00:03:16.199996948242188	8000	16	Audio/5c3e2ffa-7229-40e2-ae85-e39aa6268b15.wav	E1EBF390-D319-46CE-96D2-1CEBC0F7396C	True	agent	33	Female	Philippines	National Capital Region (Metro Manila)	E4656C37-FE08-4A5F-AF45-10F46915D2EC	True	customer	25	Female	Philippines	Cavite
330072	2	2	0:02:52.876	0:02:55.901	00:00:3.025	[filler/] Maraming salamat po sa tulong niyo	5c3e2ffa-7229-40e2-ae85-e39aa6268b15	banking	00:03:16.199996948242188	8000	16	Audio/5c3e2ffa-7229-40e2-ae85-e39aa6268b15.wav	E1EBF390-D319-46CE-96D2-1CEBC0F7396C	True	agent	33	Female	Philippines	National Capital Region (Metro Manila)	E4656C37-FE08-4A5F-AF45-10F46915D2EC	True	customer	25	Female	Philippines	Cavite
330073	2	1	0:02:55.802	0:03:16.200	00:00:20.398	Naku walang anuman ho maraming salamat din ho sa inyong oras pwede ko po bang malaman kung meron pa akong pwedeng maitulong sa inyo maraming salamat ho ulit maaari ko po ba kayong imbitahan na sumali sa isang [eng_start/] satisfaction survey [eng_end/] [filler/] tungkol lamang po ito sa kasiyahan ng aming [eng_start/] customer [eng_end/] pagkatapos lamang ho ng tawag na 'to	5c3e2ffa-7229-40e2-ae85-e39aa6268b15	banking	00:03:16.199996948242188	8000	16	Audio/5c3e2ffa-7229-40e2-ae85-e39aa6268b15.wav	E1EBF390-D319-46CE-96D2-1CEBC0F7396C	True	agent	33	Female	Philippines	National Capital Region (Metro Manila)	E4656C37-FE08-4A5F-AF45-10F46915D2EC	True	customer	25	Female	Philippines	Cavite
330074	2	2	0:03:02.987	0:03:05.273	00:00:2.286	[n_s/] [filler/] Wala na po salamat po	5c3e2ffa-7229-40e2-ae85-e39aa6268b15	banking	00:03:16.199996948242188	8000	16	Audio/5c3e2ffa-7229-40e2-ae85-e39aa6268b15.wav	E1EBF390-D319-46CE-96D2-1CEBC0F7396C	True	agent	33	Female	Philippines	National Capital Region (Metro Manila)	E4656C37-FE08-4A5F-AF45-10F46915D2EC	True	customer	25	Female	Philippines	Cavite
320543	2	1	0:00:00.000	0:00:14.734	00:00:14.734	[n_s/] [eng_start/] Hello [eng_end/] magandang hapon salamat po sa inyong pagtawag sa "Malayan [eng_start/] International Bank" [eng_end/] itatanong ko lang po kung ano ang aking maitutulong sa inyo [n_s/]	96725fab-7f97-4320-a7c7-605c894fda19	banking	00:03:23.6199951171875	8000	16	Audio/96725fab-7f97-4320-a7c7-605c894fda19.wav	85D21F93-60AF-4872-A46D-B815119BB8FF	True	agent	35	Female	Philippines	Cavite	E4656C37-FE08-4A5F-AF45-10F46915D2EC	True	customer	25	Female	Philippines	Cavite
320544	2	2	0:00:14.264	0:00:21.253	00:00:6.989	[filler/] Gusto kong magpa-setup ng awtomatikong [eng_start/] billing [eng_end/] para sa mga [eng_start/] statement [eng_end/] ng [eng_start/] credit [eng_end/]	96725fab-7f97-4320-a7c7-605c894fda19	banking	00:03:23.6199951171875	8000	16	Audio/96725fab-7f97-4320-a7c7-605c894fda19.wav	85D21F93-60AF-4872-A46D-B815119BB8FF	True	agent	35	Female	Philippines	Cavite	E4656C37-FE08-4A5F-AF45-10F46915D2EC	True	customer	25	Female	Philippines	Cavite
320545	2	1	0:00:14.734	0:00:33.969	00:00:19.235	[filler/] gusto kong magpaset up ng awtomatikong [eng_start/] billing [eng_end/] para sa mga [eng_start/] statement [eng_end/] ng [uni/] okay po [filler/] kukumpirmahin ko lang po na pwede 'tong gawin sa telepono pero hihingin ko po yung numero ng inyong [eng_start/] card card number [eng_end/] [n_s/]	96725fab-7f97-4320-a7c7-605c894fda19	banking	00:03:23.6199951171875	8000	16	Audio/96725fab-7f97-4320-a7c7-605c894fda19.wav	85D21F93-60AF-4872-A46D-B815119BB8FF	True	agent	35	Female	Philippines	Cavite	E4656C37-FE08-4A5F-AF45-10F46915D2EC	True	customer	25	Female	Philippines	Cavite
320546	2	2	0:00:32.519	0:00:35.047	00:00:2.528	[filler/] [eng_start/] one four five seven one [eng_end/]	96725fab-7f97-4320-a7c7-605c894fda19	banking	00:03:23.6199951171875	8000	16	Audio/96725fab-7f97-4320-a7c7-605c894fda19.wav	85D21F93-60AF-4872-A46D-B815119BB8FF	True	agent	35	Female	Philippines	Cavite	E4656C37-FE08-4A5F-AF45-10F46915D2EC	True	customer	25	Female	Philippines	Cavite
320547	2	1	0:00:33.969	0:00:45.721	00:00:11.752	[n_s/] [eng_start/] One four three two one four three two five seven one two six two three [eng_end/] po [eng_start/] nine two three five Okay [eng_end/] po [filler/] hingin ko na rin po yung buong pangalan ninyo	96725fab-7f97-4320-a7c7-605c894fda19	banking	00:03:23.6199951171875	8000	16	Audio/96725fab-7f97-4320-a7c7-605c894fda19.wav	85D21F93-60AF-4872-A46D-B815119BB8FF	True	agent	35	Female	Philippines	Cavite	E4656C37-FE08-4A5F-AF45-10F46915D2EC	True	customer	25	Female	Philippines	Cavite
320548	2	1	0:00:45.721	0:01:04.206	00:00:18.485	[eng_start/] Okay [eng_end/] po [eng_start/] miss [eng_end/] "Kristina Conrado" hingiin ko na rin po yung [eng_start/] complete [eng_end/] a- kumpletong [eng_start/] address [eng_end/] ninyo [n_s/] [eng_start/] okay [eng_end/] "Victoria Reyes Muntinlupa City" [eng_start/] okay madam [eng_end/] pahingi na din po ng petsa ng inyong kapanganakan [n_s/]	96725fab-7f97-4320-a7c7-605c894fda19	banking	00:03:23.6199951171875	8000	16	Audio/96725fab-7f97-4320-a7c7-605c894fda19.wav	85D21F93-60AF-4872-A46D-B815119BB8FF	True	agent	35	Female	Philippines	Cavite	E4656C37-FE08-4A5F-AF45-10F46915D2EC	True	customer	25	Female	Philippines	Cavite
320549	2	2	0:00:52.082	0:00:54.427	00:00:2.345	[filler/] "Gloria Reyes" [uni/] [eng_start/] city [eng_end/]	96725fab-7f97-4320-a7c7-605c894fda19	banking	00:03:23.6199951171875	8000	16	Audio/96725fab-7f97-4320-a7c7-605c894fda19.wav	85D21F93-60AF-4872-A46D-B815119BB8FF	True	agent	35	Female	Philippines	Cavite	E4656C37-FE08-4A5F-AF45-10F46915D2EC	True	customer	25	Female	Philippines	Cavite
320550	2	1	0:01:04.206	0:01:44.387	00:00:40.181	[eng_start/] Okay [eng_end/] po [eng_start/] march five nineteen ninety seven madam [eng_end/] hihingin ko na rin po yung numero ng iyong [eng_start/] cellphone zero nine two nine two eight zero six three five four okay [eng_end/] po [eng_start/] madam [eng_end/] [filler/] pahingi na rin po ng tatlong [eng_start/] digit [eng_end/] na [eng_start/] security cord- security code [eng_end/] po na nasa likod ng inyong [eng_start/] card okay three six two [eng_end/] maraming salamat po [eng_start/] madam [eng_end/] [filler/] ikukum- kukupirmina- mahin ko po ang inyong pagkakakilanlan [filler/] saan nyo po gustong magmula [filler/] saang [eng_start/] account [eng_end/] niyo po gustong magmula ang pagbabayad	96725fab-7f97-4320-a7c7-605c894fda19	banking	00:03:23.6199951171875	8000	16	Audio/96725fab-7f97-4320-a7c7-605c894fda19.wav	85D21F93-60AF-4872-A46D-B815119BB8FF	True	agent	35	Female	Philippines	Cavite	E4656C37-FE08-4A5F-AF45-10F46915D2EC	True	customer	25	Female	Philippines	Cavite
320551	2	2	0:01:11.542	0:01:15.569	00:00:4.027	[eng_start/] Zero nine nine two eight zero five four [eng_end/]	96725fab-7f97-4320-a7c7-605c894fda19	banking	00:03:23.6199951171875	8000	16	Audio/96725fab-7f97-4320-a7c7-605c894fda19.wav	85D21F93-60AF-4872-A46D-B815119BB8FF	True	agent	35	Female	Philippines	Cavite	E4656C37-FE08-4A5F-AF45-10F46915D2EC	True	customer	25	Female	Philippines	Cavite
320552	2	2	0:01:41.598	0:01:44.143	00:00:2.545	[filler/] Sa A. U. B. A. U.	96725fab-7f97-4320-a7c7-605c894fda19	banking	00:03:23.6199951171875	8000	16	Audio/96725fab-7f97-4320-a7c7-605c894fda19.wav	85D21F93-60AF-4872-A46D-B815119BB8FF	True	agent	35	Female	Philippines	Cavite	E4656C37-FE08-4A5F-AF45-10F46915D2EC	True	customer	25	Female	Philippines	Cavite
320553	2	1	0:01:44.387	0:01:57.010	00:00:12.623	A. U. B. [eng_start/] okay madam [eng_end/] itatanong ko na rin po kung gusto niyo pong mag [eng_start/] setup [eng_end/] ng naka [eng_start/] fix [eng_end/] na bayad o awtomatikong bayaran a- bayaran ang buong halaga ng [eng_start/] statement [eng_end/] [n_s/]	96725fab-7f97-4320-a7c7-605c894fda19	banking	00:03:23.6199951171875	8000	16	Audio/96725fab-7f97-4320-a7c7-605c894fda19.wav	85D21F93-60AF-4872-A46D-B815119BB8FF	True	agent	35	Female	Philippines	Cavite	E4656C37-FE08-4A5F-AF45-10F46915D2EC	True	customer	25	Female	Philippines	Cavite
320554	2	1	0:01:57.010	0:02:13.481	00:00:16.471	[eng_start/] Okay [eng_end/] po sa [eng_start/] fixed [eng_end/] na bayad ise-set up ko po sa awtomatikong pagbabayad sa [eng_start/] credit card [eng_end/] para sa [eng_start/] fixed [eng_end/] na bayad [filler/] ang halaga po ng [eng_start/] fixed [eng_end/] na babayaran ninyo [eng_start/] is ten thousand pesos [eng_end/] itatanong ko po kung ano pa po ang pwede kong maitulong sa	96725fab-7f97-4320-a7c7-605c894fda19	banking	00:03:23.6199951171875	8000	16	Audio/96725fab-7f97-4320-a7c7-605c894fda19.wav	85D21F93-60AF-4872-A46D-B815119BB8FF	True	agent	35	Female	Philippines	Cavite	E4656C37-FE08-4A5F-AF45-10F46915D2EC	True	customer	25	Female	Philippines	Cavite
320555	2	2	0:02:13.670	0:02:16.742	00:00:3.072	[filler/] Tanong ko din tungkol sa mga [uni/]	96725fab-7f97-4320-a7c7-605c894fda19	banking	00:03:23.6199951171875	8000	16	Audio/96725fab-7f97-4320-a7c7-605c894fda19.wav	85D21F93-60AF-4872-A46D-B815119BB8FF	True	agent	35	Female	Philippines	Cavite	E4656C37-FE08-4A5F-AF45-10F46915D2EC	True	customer	25	Female	Philippines	Cavite
320556	2	1	0:02:17.011	0:02:30.767	00:00:13.756	[filler/] Ang serbisyo po sa "SafeBox" ay tungkol sa mga inyong ang [eng_start/] safety [eng_end/] po ng inyong [eng_start/] backup [eng_end/] na iniwan dito sa aming bangko in- interesado po ba kayo dito [n_s/]	96725fab-7f97-4320-a7c7-605c894fda19	banking	00:03:23.6199951171875	8000	16	Audio/96725fab-7f97-4320-a7c7-605c894fda19.wav	85D21F93-60AF-4872-A46D-B815119BB8FF	True	agent	35	Female	Philippines	Cavite	E4656C37-FE08-4A5F-AF45-10F46915D2EC	True	customer	25	Female	Philippines	Cavite
320557	2	1	0:02:30.767	0:02:38.744	00:00:7.977	Kung interesado po kayo [eng_start/] madam [eng_end/] [filler/] pwede po kayong pumunta dito sa pinam- pinakamalapit na [eng_start/] branch [eng_end/] sa "Muntinlupa"	96725fab-7f97-4320-a7c7-605c894fda19	banking	00:03:23.6199951171875	8000	16	Audio/96725fab-7f97-4320-a7c7-605c894fda19.wav	85D21F93-60AF-4872-A46D-B815119BB8FF	True	agent	35	Female	Philippines	Cavite	E4656C37-FE08-4A5F-AF45-10F46915D2EC	True	customer	25	Female	Philippines	Cavite
320558	2	2	0:02:38.597	0:02:42.790	00:00:4.193	Pwede ko bang mahingi ang buong [eng_start/] address [eng_end/] sa pinakamalapit na branch dito	96725fab-7f97-4320-a7c7-605c894fda19	banking	00:03:23.6199951171875	8000	16	Audio/96725fab-7f97-4320-a7c7-605c894fda19.wav	85D21F93-60AF-4872-A46D-B815119BB8FF	True	agent	35	Female	Philippines	Cavite	E4656C37-FE08-4A5F-AF45-10F46915D2EC	True	customer	25	Female	Philippines	Cavite
320559	2	1	0:02:42.797	0:02:53.464	00:00:10.667	[filler/] Kung dyan po sa "Muntinlupa" maaari po kayong pumunta sa pinakamalapit na [eng_start/] branch [eng_end/] dito malapit sa may "Victoria Reyes" na [eng_start/] branch [eng_end/] sa may paliparan po	96725fab-7f97-4320-a7c7-605c894fda19	banking	00:03:23.6199951171875	8000	16	Audio/96725fab-7f97-4320-a7c7-605c894fda19.wav	85D21F93-60AF-4872-A46D-B815119BB8FF	True	agent	35	Female	Philippines	Cavite	E4656C37-FE08-4A5F-AF45-10F46915D2EC	True	customer	25	Female	Philippines	Cavite
320560	2	2	0:02:53.971	0:02:57.326	00:00:3.355	[filler/] [eng_start/] Okay [eng_end/] maraming salamat para sa iyong oras	96725fab-7f97-4320-a7c7-605c894fda19	banking	00:03:23.6199951171875	8000	16	Audio/96725fab-7f97-4320-a7c7-605c894fda19.wav	85D21F93-60AF-4872-A46D-B815119BB8FF	True	agent	35	Female	Philippines	Cavite	E4656C37-FE08-4A5F-AF45-10F46915D2EC	True	customer	25	Female	Philippines	Cavite
320561	2	1	0:02:56.974	0:03:20.545	00:00:23.571	[n_s/] [filler/] Salamat din po [eng_start/] madam [eng_end/] itatanong ko lang po kung meron pa ba akong ipa- maitutulong sa inyo [eng_start/] okay [eng_end/] po maraming salamat po sa inyong pagtawag nais ko lang po kayong imbitahan na sumali sa [eng_start/] satisfaction survey [eng_end/] tungkol sa ating pag-uusap ngayon maari po bang sagutin niyo ang [eng_start/] survey [eng_end/]	96725fab-7f97-4320-a7c7-605c894fda19	banking	00:03:23.6199951171875	8000	16	Audio/96725fab-7f97-4320-a7c7-605c894fda19.wav	85D21F93-60AF-4872-A46D-B815119BB8FF	True	agent	35	Female	Philippines	Cavite	E4656C37-FE08-4A5F-AF45-10F46915D2EC	True	customer	25	Female	Philippines	Cavite
320562	2	2	0:03:19.056	0:03:23.620	00:00:4.564	Sige po maraming salamat	96725fab-7f97-4320-a7c7-605c894fda19	banking	00:03:23.6199951171875	8000	16	Audio/96725fab-7f97-4320-a7c7-605c894fda19.wav	85D21F93-60AF-4872-A46D-B815119BB8FF	True	agent	35	Female	Philippines	Cavite	E4656C37-FE08-4A5F-AF45-10F46915D2EC	True	customer	25	Female	Philippines	Cavite
320563	2	1	0:03:20.545	0:03:23.620	00:00:3.075	[eng_start/] Okay [eng_end/] po maraming salamat ba-bye [n_s/]	96725fab-7f97-4320-a7c7-605c894fda19	banking	00:03:23.6199951171875	8000	16	Audio/96725fab-7f97-4320-a7c7-605c894fda19.wav	85D21F93-60AF-4872-A46D-B815119BB8FF	True	agent	35	Female	Philippines	Cavite	E4656C37-FE08-4A5F-AF45-10F46915D2EC	True	customer	25	Female	Philippines	Cavite
317256	2	1	0:00:00.000	0:00:06.982	00:00:6.982	[n_s/] Magandang umaga Salamat sa pagtawag sa "Bangko ng Bayan" Ano po ang maitutulong sa kanila	f3b5af36-8ee0-452b-b2f2-a9a4f5f9bde4	banking	00:03:45.24000549316406	8000	16	Audio/f3b5af36-8ee0-452b-b2f2-a9a4f5f9bde4.wav	AAF38662-6FDA-48EB-A673-F5F7A50C48DB	True	agent	42	Female	Philippines	Cavite	84E54BBA-78F8-4104-82A1-C5919E4EFF7B	True	customer	35	Female	Philippines	Albay
317257	2	2	0:00:03.827	0:00:14.871	00:00:11.044	[n_s/] [filler/] Magandang umaga po Nais ko po sanang mag-apply para sa isang [eng_start/] account [eng_end/] sa isa- sa ibang bansa po	f3b5af36-8ee0-452b-b2f2-a9a4f5f9bde4	banking	00:03:45.24000549316406	8000	16	Audio/f3b5af36-8ee0-452b-b2f2-a9a4f5f9bde4.wav	AAF38662-6FDA-48EB-A673-F5F7A50C48DB	True	agent	42	Female	Philippines	Cavite	84E54BBA-78F8-4104-82A1-C5919E4EFF7B	True	customer	35	Female	Philippines	Albay
317258	2	1	0:00:17.505	0:00:22.370	00:00:4.865	[filler/] ga- [filler/] matutulungan po namin kayo diyan [filler/] maaari po bang hingiin ang buong ninyong pangalan	f3b5af36-8ee0-452b-b2f2-a9a4f5f9bde4	banking	00:03:45.24000549316406	8000	16	Audio/f3b5af36-8ee0-452b-b2f2-a9a4f5f9bde4.wav	AAF38662-6FDA-48EB-A673-F5F7A50C48DB	True	agent	42	Female	Philippines	Cavite	84E54BBA-78F8-4104-82A1-C5919E4EFF7B	True	customer	35	Female	Philippines	Albay
317259	2	1	0:00:26.716	0:00:30.224	00:00:3.508	Salamat at kailangan ko din po ang petsa ng iyong kapanganakan	f3b5af36-8ee0-452b-b2f2-a9a4f5f9bde4	banking	00:03:45.24000549316406	8000	16	Audio/f3b5af36-8ee0-452b-b2f2-a9a4f5f9bde4.wav	AAF38662-6FDA-48EB-A673-F5F7A50C48DB	True	agent	42	Female	Philippines	Cavite	84E54BBA-78F8-4104-82A1-C5919E4EFF7B	True	customer	35	Female	Philippines	Albay
317260	2	2	0:00:31.309	0:00:35.410	00:00:4.101	[filler/] "Disyembre" onse isang libo siyam na raan walumpu't dalawa	f3b5af36-8ee0-452b-b2f2-a9a4f5f9bde4	banking	00:03:45.24000549316406	8000	16	Audio/f3b5af36-8ee0-452b-b2f2-a9a4f5f9bde4.wav	AAF38662-6FDA-48EB-A673-F5F7A50C48DB	True	agent	42	Female	Philippines	Cavite	84E54BBA-78F8-4104-82A1-C5919E4EFF7B	True	customer	35	Female	Philippines	Albay
317261	2	1	0:00:36.585	0:00:41.321	00:00:4.736	Maraming salamat [n_s/] Kailangan ko din pong hingin ang inyong [eng_start/] address [eng_end/]	f3b5af36-8ee0-452b-b2f2-a9a4f5f9bde4	banking	00:03:45.24000549316406	8000	16	Audio/f3b5af36-8ee0-452b-b2f2-a9a4f5f9bde4.wav	AAF38662-6FDA-48EB-A673-F5F7A50C48DB	True	agent	42	Female	Philippines	Cavite	84E54BBA-78F8-4104-82A1-C5919E4EFF7B	True	customer	35	Female	Philippines	Albay
317262	2	2	0:00:42.457	0:00:45.137	00:00:2.680	[filler/] "Barangay Tatalon" po "Quezon [eng_start/] City" [eng_end/]	f3b5af36-8ee0-452b-b2f2-a9a4f5f9bde4	banking	00:03:45.24000549316406	8000	16	Audio/f3b5af36-8ee0-452b-b2f2-a9a4f5f9bde4.wav	AAF38662-6FDA-48EB-A673-F5F7A50C48DB	True	agent	42	Female	Philippines	Cavite	84E54BBA-78F8-4104-82A1-C5919E4EFF7B	True	customer	35	Female	Philippines	Albay
317263	2	1	0:00:46.482	0:00:48.768	00:00:2.286	At ang numero po ng inyong [eng_start/] mobile phone [eng_end/]	f3b5af36-8ee0-452b-b2f2-a9a4f5f9bde4	banking	00:03:45.24000549316406	8000	16	Audio/f3b5af36-8ee0-452b-b2f2-a9a4f5f9bde4.wav	AAF38662-6FDA-48EB-A673-F5F7A50C48DB	True	agent	42	Female	Philippines	Cavite	84E54BBA-78F8-4104-82A1-C5919E4EFF7B	True	customer	35	Female	Philippines	Albay
317264	2	2	0:00:50.063	0:00:55.004	00:00:4.941	[filler/] [eng_start/] zero nine nine seven four five two six six seven eight [eng_end/]	f3b5af36-8ee0-452b-b2f2-a9a4f5f9bde4	banking	00:03:45.24000549316406	8000	16	Audio/f3b5af36-8ee0-452b-b2f2-a9a4f5f9bde4.wav	AAF38662-6FDA-48EB-A673-F5F7A50C48DB	True	agent	42	Female	Philippines	Cavite	84E54BBA-78F8-4104-82A1-C5919E4EFF7B	True	customer	35	Female	Philippines	Albay
317265	2	1	0:00:57.018	0:01:02.556	00:00:5.538	Salamat [n_s/] [eng_start/] So [eng_end/] anong bansa niyo po [filler/] gustong magbukas ng [eng_start/] account ma'am [eng_end/]	f3b5af36-8ee0-452b-b2f2-a9a4f5f9bde4	banking	00:03:45.24000549316406	8000	16	Audio/f3b5af36-8ee0-452b-b2f2-a9a4f5f9bde4.wav	AAF38662-6FDA-48EB-A673-F5F7A50C48DB	True	agent	42	Female	Philippines	Cavite	84E54BBA-78F8-4104-82A1-C5919E4EFF7B	True	customer	35	Female	Philippines	Albay
317266	2	1	0:01:06.546	0:01:23.285	00:00:16.739	"Dubai" [n_s/] [uni/] sa aming [eng_start/] system ma'am [eng_end/] hindi po nag-aalok ang bangkong ito ng [eng_start/] account [eng_end/] sa bansang iyon du- [filler/] "Dubai" [filler/] Ipadadala ko na lang po ng aplikasyon para sa pagbubukas ng [eng_start/] account [eng_end/] sa pamamagitan ng [eng_start/] email [eng_end/]	f3b5af36-8ee0-452b-b2f2-a9a4f5f9bde4	banking	00:03:45.24000549316406	8000	16	Audio/f3b5af36-8ee0-452b-b2f2-a9a4f5f9bde4.wav	AAF38662-6FDA-48EB-A673-F5F7A50C48DB	True	agent	42	Female	Philippines	Cavite	84E54BBA-78F8-4104-82A1-C5919E4EFF7B	True	customer	35	Female	Philippines	Albay
317267	2	1	0:01:28.749	0:01:37.557	00:00:8.808	[eng_start/] Okay [eng_end/] [filler/] kailangan niyo po magdeposito [eng_start/] ma'am [eng_end/] na isang [eng_start/] minimum [eng_end/] na halaga [filler/] magkano po ba ang gusto niyong ilipat sa [eng_start/] account [eng_end/] sa ibang bansa	f3b5af36-8ee0-452b-b2f2-a9a4f5f9bde4	banking	00:03:45.24000549316406	8000	16	Audio/f3b5af36-8ee0-452b-b2f2-a9a4f5f9bde4.wav	AAF38662-6FDA-48EB-A673-F5F7A50C48DB	True	agent	42	Female	Philippines	Cavite	84E54BBA-78F8-4104-82A1-C5919E4EFF7B	True	customer	35	Female	Philippines	Albay
317268	2	2	0:01:39.107	0:01:42.845	00:00:3.738	[filler/] magkano po palitan ngayon po sa [uni/] sa- sa "Dubai" po	f3b5af36-8ee0-452b-b2f2-a9a4f5f9bde4	banking	00:03:45.24000549316406	8000	16	Audio/f3b5af36-8ee0-452b-b2f2-a9a4f5f9bde4.wav	AAF38662-6FDA-48EB-A673-F5F7A50C48DB	True	agent	42	Female	Philippines	Cavite	84E54BBA-78F8-4104-82A1-C5919E4EFF7B	True	customer	35	Female	Philippines	Albay
317269	2	1	0:01:54.349	0:02:03.160	00:00:8.811	[eng_start/] all right [eng_end/] ang palitan po ng [filler/] pera natin sa "Dubai" ay labing-apat na piso piso sa labing-apat na piso	f3b5af36-8ee0-452b-b2f2-a9a4f5f9bde4	banking	00:03:45.24000549316406	8000	16	Audio/f3b5af36-8ee0-452b-b2f2-a9a4f5f9bde4.wav	AAF38662-6FDA-48EB-A673-F5F7A50C48DB	True	agent	42	Female	Philippines	Cavite	84E54BBA-78F8-4104-82A1-C5919E4EFF7B	True	customer	35	Female	Philippines	Albay
317270	2	2	0:02:03.878	0:02:09.834	00:00:5.956	-adik Gusto ko po sanang maglipat po ng ano ng mga [eng_start/] fifty thousand [eng_end/] po	f3b5af36-8ee0-452b-b2f2-a9a4f5f9bde4	banking	00:03:45.24000549316406	8000	16	Audio/f3b5af36-8ee0-452b-b2f2-a9a4f5f9bde4.wav	AAF38662-6FDA-48EB-A673-F5F7A50C48DB	True	agent	42	Female	Philippines	Cavite	84E54BBA-78F8-4104-82A1-C5919E4EFF7B	True	customer	35	Female	Philippines	Albay
317271	2	1	0:02:11.911	0:02:22.528	00:00:10.617	[filler/] Sige po Ngayon po [filler/] kasalukuyan kong inilalagay ang halaga at ito po ay awtomatikong ililipat sa lalong madaling panahon kapag nabuksan na po ang inyong [eng_start/] account [eng_end/]	f3b5af36-8ee0-452b-b2f2-a9a4f5f9bde4	banking	00:03:45.24000549316406	8000	16	Audio/f3b5af36-8ee0-452b-b2f2-a9a4f5f9bde4.wav	AAF38662-6FDA-48EB-A673-F5F7A50C48DB	True	agent	42	Female	Philippines	Cavite	84E54BBA-78F8-4104-82A1-C5919E4EFF7B	True	customer	35	Female	Philippines	Albay
317272	2	1	0:02:28.066	0:02:40.116	00:00:12.050	Kailangan ko po kayong ikonekta sa aming [eng_start/] customer help center [eng_end/] ng [eng_start/] international [eng_end/] na pagbabangko para po sa higit pang [uni/]	f3b5af36-8ee0-452b-b2f2-a9a4f5f9bde4	banking	00:03:45.24000549316406	8000	16	Audio/f3b5af36-8ee0-452b-b2f2-a9a4f5f9bde4.wav	AAF38662-6FDA-48EB-A673-F5F7A50C48DB	True	agent	42	Female	Philippines	Cavite	84E54BBA-78F8-4104-82A1-C5919E4EFF7B	True	customer	35	Female	Philippines	Albay
317273	2	2	0:02:41.676	0:02:47.232	00:00:5.556	[filler/] pwede ko po ba'ng makausap yung [eng_start/] customer service [eng_end/] para po sa [eng_start/] international [eng_end/] na pagbabangko	f3b5af36-8ee0-452b-b2f2-a9a4f5f9bde4	banking	00:03:45.24000549316406	8000	16	Audio/f3b5af36-8ee0-452b-b2f2-a9a4f5f9bde4.wav	AAF38662-6FDA-48EB-A673-F5F7A50C48DB	True	agent	42	Female	Philippines	Cavite	84E54BBA-78F8-4104-82A1-C5919E4EFF7B	True	customer	35	Female	Philippines	Albay
317274	2	1	0:02:48.750	0:02:57.044	00:00:8.294	as- opo naman marami pong salamat sa inyong oras at ngayon po ay magsisimula na po akong ilipat ang inyong tawag manatili lang po kayo sa linya	f3b5af36-8ee0-452b-b2f2-a9a4f5f9bde4	banking	00:03:45.24000549316406	8000	16	Audio/f3b5af36-8ee0-452b-b2f2-a9a4f5f9bde4.wav	AAF38662-6FDA-48EB-A673-F5F7A50C48DB	True	agent	42	Female	Philippines	Cavite	84E54BBA-78F8-4104-82A1-C5919E4EFF7B	True	customer	35	Female	Philippines	Albay
317275	2	2	0:02:58.686	0:03:01.650	00:00:2.964	[n_s/] gaano po kaya katagal aabutin yung paglipat	f3b5af36-8ee0-452b-b2f2-a9a4f5f9bde4	banking	00:03:45.24000549316406	8000	16	Audio/f3b5af36-8ee0-452b-b2f2-a9a4f5f9bde4.wav	AAF38662-6FDA-48EB-A673-F5F7A50C48DB	True	agent	42	Female	Philippines	Cavite	84E54BBA-78F8-4104-82A1-C5919E4EFF7B	True	customer	35	Female	Philippines	Albay
317276	2	1	0:03:05.891	0:03:12.158	00:00:6.267	Sa ngayon po [eng_start/] busy [eng_end/] po ang linya [filler/] at kailangan ko po kayong ilagay sa [eng_start/] hold [eng_end/] -ari po ba	f3b5af36-8ee0-452b-b2f2-a9a4f5f9bde4	banking	00:03:45.24000549316406	8000	16	Audio/f3b5af36-8ee0-452b-b2f2-a9a4f5f9bde4.wav	AAF38662-6FDA-48EB-A673-F5F7A50C48DB	True	agent	42	Female	Philippines	Cavite	84E54BBA-78F8-4104-82A1-C5919E4EFF7B	True	customer	35	Female	Philippines	Albay
317277	2	1	0:03:28.767	0:03:36.678	00:00:7.911	[eng_start/] Okay [eng_end/] po [eng_start/] so [eng_end/] sa ngayon po [filler/] ililipat ko na po ang inyong tawag maraming salamat po sa [uni/] sa "Bangko ng Bayan"	f3b5af36-8ee0-452b-b2f2-a9a4f5f9bde4	banking	00:03:45.24000549316406	8000	16	Audio/f3b5af36-8ee0-452b-b2f2-a9a4f5f9bde4.wav	AAF38662-6FDA-48EB-A673-F5F7A50C48DB	True	agent	42	Female	Philippines	Cavite	84E54BBA-78F8-4104-82A1-C5919E4EFF7B	True	customer	35	Female	Philippines	Albay
317278	2	2	0:03:37.060	0:03:39.259	00:00:2.199	Sige po Maraming salamat po Paalam po	f3b5af36-8ee0-452b-b2f2-a9a4f5f9bde4	banking	00:03:45.24000549316406	8000	16	Audio/f3b5af36-8ee0-452b-b2f2-a9a4f5f9bde4.wav	AAF38662-6FDA-48EB-A673-F5F7A50C48DB	True	agent	42	Female	Philippines	Cavite	84E54BBA-78F8-4104-82A1-C5919E4EFF7B	True	customer	35	Female	Philippines	Albay
317279	2	1	0:03:41.252	0:03:45.240	00:00:3.988	maraming salamat at paalam [n_s/]	f3b5af36-8ee0-452b-b2f2-a9a4f5f9bde4	banking	00:03:45.24000549316406	8000	16	Audio/f3b5af36-8ee0-452b-b2f2-a9a4f5f9bde4.wav	AAF38662-6FDA-48EB-A673-F5F7A50C48DB	True	agent	42	Female	Philippines	Cavite	84E54BBA-78F8-4104-82A1-C5919E4EFF7B	True	customer	35	Female	Philippines	Albay
